id,sex,year,week,dist_week(km),time_week(s),elevation_week(m),nb_run_week,calories_week
18933919,M,2017,40,12.154399999999999,3741,367.2,1,0
18933919,M,2017,41,24.597099999999998,6928,104.8,2,827.1
18933919,M,2017,45,28.535200000000003,8166,635.8,2,2547.6
18933919,M,2017,44,39.2184,11307,208.2,3,1197.1
18933919,M,2017,46,9.0505,2478,2.1,1,748.4
18933919,M,2017,43,41.4655,12570,511,2,2612.3
18933919,M,2017,47,35.2612,11482,1043,2,1177.4
18933919,M,2017,42,29.379,10528,1191.2,3,1699.6
18933919,M,2017,48,36.8348,11785,1030.8,2,3460
18933919,M,2017,50,39.5844,12315,714.5,2,0
18933919,M,2017,49,36.9135,10789,480.8,3,0
18933919,M,2018,0,43.6268,13836,885.7,3,0
18933919,M,2018,1,11.9276,4000,326.3,1,0
18933919,M,2018,2,23.6296,6863,183.5,2,0
18933919,M,2018,3,65.0592,17288,884.1,4,0
18933919,M,2018,4,26.3847,7865,645.9,2,0
18933919,M,2018,5,31.3492,8884,633.1,2,0
18933919,M,2018,6,33.016600000000004,9188,331.6,2,0
18933919,M,2018,14,3.0116,980,16,1,0
18933919,M,2018,15,17.9518,5568,106,3,0
18933919,M,2018,16,17.823700000000002,5126,50,2,0
18933919,M,2018,17,29.2597,8797,56,3,0
18933919,M,2018,18,19.1436,5686,56,2,0
18933919,M,2018,19,32.7422,9580,88,3,0
18933919,M,2018,20,26.1322,7244,103,2,0
18933919,M,2018,21,48.105599999999995,13576,153,4,0
18933919,M,2018,25,44.7222,12995,481,5,2738
18933919,M,2018,24,56.4918,15304,219,4,3191
18933919,M,2018,23,47.5199,13440,189,4,2760
18933919,M,2018,22,39.7913,12851,456,4,856
18933919,M,2018,26,38.092400000000005,10755,564,3,2228
18933919,M,2018,27,49.6721,14244,859,4,2908
18933919,M,2018,28,40.2249,10679,260,3,2337
18933919,M,2018,29,28.2337,7622,84,2,1579
18933919,M,2018,30,39.8641,11284,328,3,2341
18933919,M,2018,31,40.5382,10539,76,3,2181
18933919,M,2018,32,39.1457,11217,157,3,2200
18933919,M,2018,33,35.6933,9562,322,3,2004
18933919,M,2018,34,41.2583,10723,87,4,2259
18933919,M,2018,35,44.9461,11607,454,5,2459
18933919,M,2018,36,41.1949,11079,537,3,2293
18933919,M,2018,37,51.1972,13696,503,4,2773
18933919,M,2018,38,55.2818,14740,562,4,2949
18933919,M,2018,39,21.065199999999997,5612,99,3,1190
18933919,M,2018,40,30.360500000000002,7455,154,2,1689
18933919,M,2018,41,43.893100000000004,10824,267,3,2552
18933919,M,2018,42,22.788,6241,383,3,1230
18933919,M,2019,1,64.5102,16741,316,5,3804
18933919,M,2019,0,33.3579,8758,310,3,2058
18933919,M,2019,2,68.8643,19658,513,6,3663
18933919,M,2019,3,72.23349999999999,18577,496,5,3818
18933919,M,2019,4,74.24340000000001,20311,472,5,4105
18933919,M,2019,5,79.9925,20671,207,5,3154
18933919,M,2019,6,8.534600000000001,2589,93,1,458
18933919,M,2019,7,28.527500000000003,8617,315,3,1850
18933919,M,2019,8,42.2948,10994,378,4,2358
18933919,M,2019,9,37.260400000000004,9293,72,3,2097
18933919,M,2019,11,12.0065,3398,21,1,780
18933919,M,2019,14,5.4581,3134,673,1,588
18933919,M,2019,15,13.8568,5964,984,2,973
18933919,M,2019,16,33.1018,9174,233,3,1881
18933919,M,2019,17,32.3672,8849,333,3,1760
18933919,M,2019,18,54.782399999999996,15995,1007,6,3224
18933919,M,2019,19,33.719,10878,734,3,2129
18933919,M,2019,20,43.6271,13092,936,4,2751
18933919,M,2019,21,24.3705,6712,373,2,1403
18933919,M,2019,22,41.5116,11084,474,3,2446
18933919,M,2019,23,53.6582,14007,534,4,3103
18933919,M,2019,24,41.7361,11489,647,3,2522
18933919,M,2019,25,24.4342,6460,184,2,1397
18933919,M,2019,26,57.481,15468,395,4,3187
18933919,M,2019,27,45.0248,12691,547,3,2607
18933919,M,2019,28,58.8669,15925,322,5,3053
18933919,M,2019,29,51.4213,14200,513,4,2881
18933919,M,2019,30,57.068599999999996,17046,1074,5,3224
18933919,M,2019,31,68.8788,18299,552,6,3609
18933919,M,2019,32,62.704499999999996,18402,1002,5,3612
18933919,M,2019,33,63.684999999999995,16809,410,5,3506
18933919,M,2019,34,68.5437,18050,421,6,3665
18933919,M,2019,35,93.30199999999999,24357,763,6,4989
18933919,M,2019,36,87.4673,23236,558,6,4809
18933919,M,2019,37,91.52420000000001,23915,1073,8,4844
18933919,M,2019,38,100.4017,27637,725,8,5228
18933919,M,2019,39,50.1903,14323,608,5,3001
18933919,M,2019,40,73.527,18476,567,6,3605
18933919,M,2019,41,52.3742,13584,714,4,2863
18933919,M,2019,42,68.3709,17656,532,5,3576
18933919,M,2019,43,92.672,25803,1046,7,5349
18933919,M,2019,44,81.6927,21172,952,6,4572
18933919,M,2019,45,47.9744,12706,522,4,2830
18933919,M,2019,47,45.0099,11347,288,3,2534
18933919,M,2019,46,81.65520000000001,20709,544,5,4252
18933919,M,2019,49,59.369,15003,537,4,3461
18933919,M,2019,48,53.542,14168,529,4,3049
18933919,M,2019,50,71.6216,18622,737.8,5,3505
18933919,M,2020,2,64.386,16899,688,5,3706
18933919,M,2020,1,46.1328,13003,370,4,2670
18933919,M,2020,3,69.4639,17836,540,5,3733
18933919,M,2020,4,74.4373,19121,612,5,4147
18933919,M,2020,6,85.7702,23165,1115,6,4952
18933919,M,2020,5,71.6662,18594,611,5,4069
18933919,M,2020,7,94.3428,24686,818,6,5533
18933919,M,2020,8,63.0664,17189,972,4,3461
18933919,M,2020,9,93.515,24416,709,6,5049
18933919,M,2020,15,39.6104,10642,411,3,2416
18933919,M,2020,11,76.9781,21519,818,6,4598
18933919,M,2020,16,52.1039,14094,532,4,3044
18933919,M,2020,10,98.6761,26585,894,6,5142
18933919,M,2020,20,27.5606,7999,278,3,1737
18933919,M,2020,19,7.3451,2212,65,1,462
18933919,M,2020,21,31.924500000000002,9073,351,3,1897
18933919,M,2020,22,31.131,8603,293,3,1778
18933919,M,2020,23,37.659,10344,319,3,2161
18933919,M,2020,24,38.9155,11207,370,3,2200
18933919,M,2020,25,48.5734,13731,482,4,2899
18933919,M,2020,26,36.857299999999995,10056,349,3,2046
18933919,M,2020,27,25.498399999999997,6907,241,2,1438
18933919,M,2020,28,25.2828,7668,253,2,1578
18933919,M,2020,29,12.192200000000001,3526,119,1,781
18933919,M,2020,30,40.1224,11427,306,3,2348
18933919,M,2020,31,12.1446,4850,285,1,1109
18933919,M,2020,33,48.2501,13737,459,4,2779
18933919,M,2020,34,50.5285,13578,446,4,2488
18933919,M,2020,36,53.5169,14602,453,4,2851
18933919,M,2020,35,60.9717,17103,560,5,3324
18933919,M,2020,38,41.6866,11386,375,3,2149
18933919,M,2020,37,55.316500000000005,15221,448,4,2836
18933919,M,2020,39,61.4744,17100,557,5,3419
18933919,M,2020,40,12.7485,3694,133,1,669
18933919,M,2020,41,65.6277,17912,636,5,3771
18933919,M,2020,42,69.6132,18939,705,5,3920
18933919,M,2020,43,72.8525,19334,597,5,3797
18933919,M,2020,44,73.894,20065,658,5,3994
18933919,M,2020,45,80.6491,21944,904,6,4693
18933919,M,2020,46,75.6058,20068,712,6,4169
18933919,M,2020,47,68.027,18111,684,7,3764
18933919,M,2021,12,52.2908,15697,1334,5,3432
18933919,M,2021,13,59.913399999999996,15713,430,5,3478
18933919,M,2021,14,58.048500000000004,15322,611,5,3218
18933919,M,2021,15,54.0548,15311,1015,4,2952
18933919,M,2021,16,42.0173,13025,1067,3,2767
18933919,M,2021,17,53.2436,14186,441,4,2911
18933919,M,2021,18,62.283,17069,664,4,3752
18933919,M,2021,19,53.2929,14419,472,4,2673
18933919,M,2021,20,65.437,18189,936,5,3406
18933919,M,2021,21,55.3257,14193,376,4,2862
18933919,M,2021,22,57.5349,15290,482,4,3058
18933919,M,2021,23,41.2087,10940,271,3,2268
18933919,M,2021,24,68.61240000000001,17214,316,6,3779
18933919,M,2021,25,58.398700000000005,15108,266,4,2896
18933919,M,2021,26,60.7385,15541,273,4,3120
18933919,M,2021,27,63.680899999999994,16360,267,4,3250
18933919,M,2021,28,78.4337,20375,290,5,4036
18933919,M,2021,29,65.2507,17575,529,5,3654
18933919,M,2021,30,42.2724,11297,279,3,2410
18933919,M,2021,31,74.78110000000001,19194,305,5,4273
18933919,M,2021,32,69.8408,17863,350,7,3961
18933919,M,2021,33,56.5492,14688,372,4,3137
18933919,M,2021,34,66.318,18059,678,5,3871
18933919,M,2021,35,72.0196,18743,786,5,4028
18933919,M,2021,36,57.6188,16532,1183.3,5,3460
18933919,M,2021,37,64.0212,15971,580.3,4,3491
18933919,M,2021,38,76.8891,20968,409,5,4087
18933919,M,2021,39,54.0327,14837,387,5,2943
18933919,M,2021,40,34.0239,8112,197,2,1995
18933919,M,2021,41,67.4724,18298,672,5,4022
18933919,M,2021,42,74.03659999999999,19486,614,5,4077
18933919,M,2021,43,94.44669999999999,25642,1029,7,5440
18933919,M,2021,44,96.5072,25324,412,6,5179
27149855,F,2019,0,47.071400000000004,21926,1331,5,2970
27149855,F,2019,1,20.1206,6706,397,2,1104
27149855,F,2019,4,38.459,17246,1864,4,2605
27149855,F,2019,5,41.7749,16078,1369,4,2499
27149855,F,2019,6,47.0858,19865,1477,5,2892
27149855,F,2019,7,58.2114,38374,3911.2,4,3950
27149855,F,2019,8,61.116,22417,1507,5,3261
27149855,F,2019,3,11.4147,3750,179,1,667
27149855,F,2019,2,30.632,12868,1137,4,2064
27149855,F,2019,9,37.6771,14932,1019,4,2379
27149855,F,2019,11,29.401899999999998,8952,289,4,1597
27149855,F,2019,13,21.7448,12541,1120,3,1166
27149855,F,2019,10,74.3162,26966,1643,8,4084
27149855,F,2019,16,11.918199999999999,7490,101,3,626
27149855,F,2019,17,0,1800,0,1,0
27149855,F,2019,14,63.8998,20983,1254,6,3710
27149855,F,2019,19,0,2280,0,1,0
27149855,F,2019,12,25.7797,7772,133,2,1519
27149855,F,2019,25,37.4105,26681,2000,5,3483
27149855,F,2019,26,27.1333,13301,908,4,1853
27149855,F,2019,15,55.2358,23591,2758,4,3902
27149855,F,2019,27,59.7333,36979,2888,6,3523
27149855,F,2019,28,56.7425,27518,1877,7,3833
27149855,F,2019,29,41.8922,21340,2871,3,3146
27149855,F,2019,33,11.1606,7412,823,2,866
27149855,F,2019,32,2.3272,1055,48,1,141
27149855,F,2019,34,11.6861,4566,52,4,645
27149855,F,2019,36,6.616,4647,811,1,968
27149855,F,2019,35,12.1079,4717,188,3,713
27149855,F,2019,37,22.8823,12200,1147.4,5,1436
27149855,F,2019,38,23.0675,10892,920,4,1442
27149855,F,2019,39,32.360600000000005,11181,576,4,1926
27149855,F,2019,40,28.596600000000002,11623,1013,3,1804
27149855,F,2019,41,25.6333,8518,392,3,1486
27149855,F,2019,42,20.6162,6974,322,2,1167
27149855,F,2019,45,18.2183,13835,1662,2,888
27149855,F,2019,46,5.653899999999999,3968,562,1,235
27149855,F,2019,47,17.39,11295,1729,2,789
27149855,F,2019,48,6.4712,4878,562,1,297
27149855,F,2019,50,21.6856,18549,2171,2,1631
27149855,F,2019,51,24.9709,18916,2553.2,3,2109
27149855,F,2019,52,23.359,15977,2022.8,2,2064
27149855,F,2020,0,6.668,5017,788,1,734
27149855,F,2020,2,55.2048,23679,2227.8,3,1465
27149855,F,2020,1,27.464100000000002,15514,1869.2,3,334
27149855,F,2020,4,9.2005,6717,897,1,459
27149855,F,2020,3,42.589000000000006,41417,3642,3,3599
27149855,F,2020,5,11.0144,10357,1355,1,1179
27149855,F,2020,7,31.1387,10014,432,1,532
27149855,F,2020,8,27.765800000000002,10336,423,3,707
27149855,F,2020,15,2.3758000000000004,1147,40,1,201
27149855,F,2020,16,7.3503,3052,92,3,427
27149855,F,2020,17,18.769099999999998,6637,241,4,1032
27149855,F,2020,18,16.377,5482,238,3,956
27149855,F,2020,20,30.156399999999998,13657,1394,3,1938
27149855,F,2020,19,41.664,16481,1261,6,2066
27149855,F,2020,22,28.2237,8427,108,3,1554
27149855,F,2020,21,24.517000000000003,12651,1207,2,1338
27149855,F,2020,23,23.7425,6993,35,2,1334
27149855,F,2020,24,29.9462,8804,121,3,1664
27149855,F,2020,25,10.1938,3376,184,1,551
27149855,F,2020,26,43.4193,20141,2134,3,2772
27149855,F,2020,27,21.247700000000002,6566,225,2,1258
27149855,F,2020,28,20.4127,5959,97,2,1135
27149855,F,2020,30,23.8189,8462,764,3,1405
27149855,F,2020,29,17.765,5559,325,2,992
27149855,F,2020,31,18.903299999999998,5895,243,2,1053
27149855,F,2020,32,29.8554,10038,911,3,1653
27149855,F,2021,35,24.2703,8969,774.8,3,1575
27149855,F,2020,34,27.802999999999997,8908,527,4,1513
27149855,F,2021,36,79.2184,47339,5206.5,7,5622
27149855,F,2021,37,36.5028,16476,1579.9,3,2491
27149855,F,2021,38,54.026,26939,2785.5,5,3832
27149855,F,2021,39,53.314499999999995,23792,2962.8,4,3562
27149855,F,2021,40,46.6943,17265,1185.1,4,2930
27149855,F,2021,41,13.3225,4191,198,2,755
27149855,F,2021,43,46.6756,16041,1240.4,5,2690
27149855,F,2021,42,68.904,35898,3975.5,4,4761
27149855,F,2021,44,6.8008999999999995,2015,3,1,362
5821400,M,2019,0,27.5925,7856,116.7,2,1495
5821400,M,2019,2,59.1803,16559,342.6,4,3532.6
5821400,M,2019,4,31.6877,8800,169.3,3,1827
5821400,M,2019,6,63.6539,18390,657.7,4,3944
5821400,M,2019,7,25.360799999999998,6908,136.60000000000002,2,1309
5821400,M,2019,8,95.0546,27108,693.3,7,5492
5821400,M,2019,9,61.4774,17757,521.6,5,3510
5821400,M,2019,11,64.27080000000001,17978,314.9,4,3521
5821400,M,2019,10,81.1444,22151,600.1,7,5248
5821400,M,2019,1,39.3682,11666,321.6,3,2163
5821400,M,2019,12,102.5897,29377,788.7,6,5640
5821400,M,2019,14,110.57910000000001,30435,864.8,6,6478
5821400,M,2019,15,77.76010000000001,21469,716.4,5,4315
5821400,M,2019,16,49.046299999999995,13642,241.1,4,2591.6
5821400,M,2019,17,42.6262,9757,120.8,1,3082
5821400,M,2019,18,46.7279,13698,380.4,5,3409
5821400,M,2019,19,33.6734,9621,228.2,3,1884
5821400,M,2020,36,12.0033,3453,22.2,1,757
5821400,M,2019,13,120.2434,33766,812.2,7,6367
5821400,M,2020,37,47.4918,14318,384.40000000000003,5,2801
5821400,M,2020,39,57.7738,17303,489.20000000000005,4,3150
5821400,M,2020,40,57.1268,16431,468.9,4,3961.3
5821400,M,2020,38,40.3614,11617,253,3,2440
5821400,M,2019,5,48.324799999999996,13681,375.79999999999995,5,3463.4
5821400,M,2020,41,56.4696,16572,643.5,4,3264
5821400,M,2019,3,53.2524,15044,222,4,2935
5821400,M,2020,42,62.0646,17933,463.2,5,3662
5821400,M,2020,43,71.6482,20250,218,5,3896
5821400,M,2020,44,66.929,18874,128.8,5,4103
5821400,M,2020,45,61.9172,17899,119.5,5,3199
5821400,M,2020,46,37.3228,10600,67.2,3,2001
5821400,M,2020,48,59.7396,16709,187.3,5,3173
5821400,M,2020,47,60.4936,16779,130.6,4,3192
5821400,M,2020,50,34.4378,9886,79.3,2,1697
5821400,M,2021,22,73.3511,28109,1316.6000000000001,4,5737
5821400,M,2021,24,110.8432,32081,700.6999999999999,8,5903
5821400,M,2021,25,60.182900000000004,17090,345.1,4,2949
5821400,M,2021,21,32.6462,9672,72,3,1751
5821400,M,2021,26,73.5094,21547,792.6,6,4364
5821400,M,2021,23,67.74969999999999,19416,255,9,3501
5821400,M,2021,27,69.1344,20163,1067.7,6,3460
5821400,M,2021,28,63.5027,18470,483.5,5,3248
5821400,M,2020,49,48.2138,14003,302.7,6,2600
5821400,M,2021,30,42.7304,13359,441.7,3,2517
5821400,M,2021,29,92.0717,26306,672.8,6,5287
5821400,M,2021,32,109.94749999999999,31165,1004.4,6,5503
5821400,M,2021,33,115.2218,32252,996.8,6,5688
5821400,M,2021,31,83.9749,24493,590,7,4000
5821400,M,2021,34,84.4469,28034,1823.6,5,5720
5821400,M,2021,36,116.8119,33124,856.3,7,6863
5821400,M,2021,35,104.62870000000001,30287,855.8,7,5820
5821400,M,2021,39,42.4907,10122,64.7,1,3064
5821400,M,2021,37,75.5458,20735,780,5,4348
5821400,M,2021,40,26.5776,7419,162,3,1434
5821400,M,2021,38,46.6381,13595,271.1,4,2821
5821400,M,2021,41,28.6257,8184,169.2,3,1598
5821400,M,2021,42,73.09649999999999,21440,1067.2,6,4041
5821400,M,2021,43,76.4402,22327,1498,5,4017
5821400,M,2021,44,57.3617,16748,584.4,4,3335
7948503,M,2019,0,15.9474,4961,398,1,1169
7948503,M,2019,2,28.3064,8369,277,2,1766
7948503,M,2019,1,17.0001,5087,107,1,912
7948503,M,2019,6,14.9981,4009,152,1,907
7948503,M,2019,3,47.0393,14170,359,4,2738
7948503,M,2019,7,15.6908,4800,104,1,1015
7948503,M,2019,5,33.2787,9972,211,3,1901
7948503,M,2019,9,22.3624,6540,244,1,1284
7948503,M,2019,8,12.1724,3600,120,1,734
7948503,M,2019,11,25.554000000000002,6327,202,2,1577
7948503,M,2019,10,22.9598,6803,161,2,1584
7948503,M,2019,13,10.1622,3000,190,1,660
7948503,M,2019,12,13.749,4200,48,1,963
7948503,M,2019,15,25.3028,7601,368,2,1757
7948503,M,2019,16,11.1851,3420,229,1,765
7948503,M,2019,17,78.9861,22911,680,3,4370
7948503,M,2019,18,23.1515,7200,349,2,1497
7948503,M,2019,20,114.252,72214,6925,1,6658
7948503,M,2019,22,5.2939,1350,27.8,1,407
7948503,M,2019,23,36.6754,10281,758.8,2,2428
7948503,M,2019,24,31.114800000000002,8375,62.4,2,1922
7948503,M,2019,25,34.7216,16016,918.8,2,2219
7948503,M,2019,26,26.589199999999998,7279,232.2,2,1634
7948503,M,2019,27,71.1121,32673,2889,3,4842
7948503,M,2019,28,36.3425,10497,400,3,2334
7948503,M,2019,29,68.6306,19617,204,4,4701.2
7948503,M,2019,30,34.0344,9269,309,2,2552
7948503,M,2019,32,49.5095,16346,434,2,3686
7948503,M,2019,35,24.542299999999997,8903,857,2,1932
7948503,M,2019,33,16.9969,16379,1131,1,948
7948503,M,2019,36,31.6934,11400,1008,2,2168
7948503,M,2019,37,38.5723,14194,898,2,2721
7948503,M,2019,38,12.987,5400,499,1,1079
7948503,M,2019,39,47.2907,15301,1318.2,3,3341
7948503,M,2019,40,9.1579,3993,340,1,652
7948503,M,2019,43,26.8638,8230,232,2,1610
7948503,M,2019,42,27.072100000000002,13017,1105,2,1793
7948503,M,2019,44,31.9284,9189,216,3,2043
7948503,M,2019,41,61.9468,27328,2788,1,4216
7948503,M,2019,45,15.0006,4652,175,1,877
7948503,M,2019,46,18.2852,5810,260,2,1136
7948503,M,2019,49,50.8306,15986,656,4,3017
7948503,M,2019,50,44.06739999999999,14806,580,3,2533
7948503,M,2019,48,14.3898,6600,622,1,1039
7948503,M,2020,0,26.002499999999998,7881,430,2,1705
7948503,M,2019,52,43.906800000000004,13200,330,2,2280
7948503,M,2020,2,38.3611,12366,504,3,2235
7948503,M,2020,1,48.534,15932,509,3,2532
7948503,M,2019,51,31.332800000000002,10052,337,3,1689
7948503,M,2020,3,40.45,11845,252,4,2435
7948503,M,2020,4,20.6216,5724,121,2,1387
7948503,M,2020,9,24.5882,7353,225,2,1666
7948503,M,2020,8,32.603,10201,242,3,2177
7948503,M,2020,7,37.4516,11370,139,3,2161
7948503,M,2020,10,28.075699999999998,7876,293,2,1611
7948503,M,2020,11,10.9223,3545,202,1,632
7948503,M,2020,5,50.5559,15307,439,4,3002
7948503,M,2020,6,79.42169999999999,24201,887,4,4235
7948503,M,2020,13,46.4837,13501,319,4,2659
7948503,M,2020,14,56.8404,16496,681,5,3163
7948503,M,2020,12,38.459,10577,0,5,1925
7948503,M,2020,16,34.5398,9901,317,3,2015
7948503,M,2020,15,36.2855,10187,647,3,2108
7948503,M,2020,17,30.549400000000002,8401,24,2,1944
7948503,M,2020,18,31.662300000000002,10080,0,3,2010
7948503,M,2020,19,38.1823,12601,0,4,2378
7948503,M,2020,20,45.6822,15601,0,4,3378
7948503,M,2020,21,32.0009,9900,0,4,2314
7948503,M,2020,22,28.2325,9600,0,3,2206
7948503,M,2020,23,52.806200000000004,16237,0,4,3368
7948503,M,2020,25,32.1234,11099,0,4,2270
7948503,M,2020,24,29.880499999999998,9900,0,3,2148
7948503,M,2020,26,47.9808,17764,0,5,3487
7948503,M,2020,28,41.3968,13389,0,3,2748
7948503,M,2020,29,19.546100000000003,6601,102,2,1347
7948503,M,2020,27,26.458699999999997,9628,0,3,1849
7948503,M,2020,30,36.4103,11401,128,4,2325
7948503,M,2020,31,40.729200000000006,42461,3875.1,2,2323
7948503,M,2020,32,83.3537,55244,5220.299999999999,4,4986
7948503,M,2020,33,24.5625,7800,172,2,1347
7948503,M,2020,34,32.4401,10428,163,3,1925
7948503,M,2020,36,20.801099999999998,6600,139,2,1234
7948503,M,2020,37,35.1484,10801,180,3,2309
7948503,M,2021,21,19.2913,9240,1322,1,1431
7948503,M,2021,22,24.863300000000002,7598,31,3,1465
7948503,M,2021,23,25.321800000000003,9300,739,3,1741
7948503,M,2021,24,31.0841,11013,884,3,1989
7948503,M,2021,26,31.160199999999996,13270,1694,2,2211
7948503,M,2021,25,85.0836,49345,3665.2000000000003,5,5544
7948503,M,2021,27,90.17290000000001,48854,5818.3,3,7179
7948503,M,2021,28,26.464399999999998,16949,1586,2,1709
7948503,M,2021,29,77.7235,47329,5250,3,6287
7948503,M,2021,30,28.488300000000002,9000,34,2,1442
7948503,M,2021,31,57.6709,24335,2715,3,4136
7948503,M,2021,33,22.3527,7500,390,2,1363
7948503,M,2021,34,152.8658,83935,7691,3,10116
7948503,M,2021,36,49.6462,14783,89,4,3080
7948503,M,2021,37,20.185299999999998,6293,48,2,1277
7948503,M,2021,38,18.977199999999996,6750,1028,2,1454
7948503,M,2021,32,93.553,39991,3937.1,5,5792
7948503,M,2021,39,23.8307,8002,904,2,1667
7948503,M,2021,40,25.727800000000002,9136,993,2,1916
7948503,M,2021,41,10.5397,3300,33,1,704
7948503,M,2021,42,41.4226,14970,1319,3,2951
7948503,M,2021,43,123.7065,68899,6822,3,9822
7948503,M,2021,44,7.1072,2700,21,1,498
8593716,M,2019,0,40.676,12847,1170,3,3229
8593716,M,2019,3,20.531,7524,510,2,1665
8593716,M,2019,2,47.754,13870,755,4,3452
8593716,M,2019,6,35.879999999999995,12016,1069,4,3100
8593716,M,2019,4,24.042,6553,271,2,1914
8593716,M,2019,9,41.016,10911,554,4,3047.6
8593716,M,2019,10,46.2611,18508,2051.2999999999997,3,3104
8593716,M,2019,8,24.932000000000002,6367,9,2,1668
8593716,M,2019,11,46.0333,12173,572.2,4,3241
8593716,M,2019,12,47.326,16555,1096,4,3868
8593716,M,2019,13,20.221,6423,536,2,1658
8593716,M,2019,14,39.286,15305,2292,2,3247
8593716,M,2019,15,25.097,8080,736,3,1723
8593716,M,2019,17,26.747,8826,915,2,1829
8593716,M,2019,16,76.97399999999999,27135,2922,3,6966
8593716,M,2019,20,93.498,43879,5004,2,10540
8593716,M,2019,21,24.038,6816,261,2,1864
8593716,M,2019,23,19.041,5805,486,2,1706
8593716,M,2019,19,38.641000000000005,15477,1793,5,3603
8593716,M,2019,18,17.501,6420,824,1,1605
8593716,M,2019,24,41.197,14330,1053,4,3590
8593716,M,2019,26,31.804000000000002,15861,2167,2,4015
8593716,M,2019,25,7.865,2927,246,1,763
8593716,M,2019,27,40.289,17640,2095,3,4340
8593716,M,2019,30,35.982,14461,1614,3,3231
8593716,M,2019,28,24.927,8692,920,3,1989
8593716,M,2019,32,63.784,21476,786,5,3559
8593716,M,2019,31,36.346000000000004,11612,870,3,2883
8593716,M,2019,34,56.964,27424,3256,1,3804
8593716,M,2019,33,23.155,8040,943,2,1416
8593716,M,2019,40,18.424,4709,6,2,1386
8593716,M,2019,7,24.91,14158,1709,3,3101
8593716,M,2019,39,18.835,5289,3,2,1538
8593716,M,2019,41,28.367,8607,382,3,1810
8593716,M,2019,42,35.704,10378,254,4,2568
8593716,M,2019,44,21.614,5366,7,2,1275
8593716,M,2019,45,16.115,4474,271,2,1371
8593716,M,2019,46,43.348,10652,182,4,3315
8593716,M,2019,5,37.370000000000005,10592,270,3,2669
8593716,M,2019,47,54.873,15402,510,4,4540
8593716,M,2019,1,58.763,15283,683.6,4,4038
8593716,M,2019,48,11.791,2929,19,1,783
8593716,M,2019,43,42.033,11815,632,4,3160
8593716,M,2019,51,38.628,10453,497,4,2868
8593716,M,2019,49,9.999,2429,730,1,691
8593716,M,2019,52,22.048000000000002,5595,25,2,1664
8593716,M,2020,1,51.521,12961,113,4,3312
8593716,M,2020,2,30.447,7855,62,2,1154
8593716,M,2020,4,26.355999999999998,8307,1839,3,2112
8593716,M,2020,6,24.723,8727,904,2,1716
8593716,M,2020,9,23.905,5844,107,2,1094
8593716,M,2020,8,11.448,3801,332,1,644
8593716,M,2020,11,41.461999999999996,11642,566,4,2584
8593716,M,2020,5,32.466,9289,876,3,2742
8593716,M,2020,10,26.661,7227,190,2,1810
8593716,M,2020,12,54.189,15531,1025,6,3284
8593716,M,2020,14,45.959,12352,762,5,2443
8593716,M,2020,13,58.089,15462,1127,6,2296
8593716,M,2020,15,65.147,19556,1571,6,4533
8593716,M,2020,18,64.787,18413,1087,6,3758.3
8593716,M,2020,16,71.089,20424,923,7,4610
8593716,M,2020,17,61.8958,17462,803.7,6,5389
8593716,M,2020,19,47.89,14419,916,4,3669
8593716,M,2020,20,34.512,8982,190,3,2403
8593716,M,2020,21,46.631,13785,1077,4,3344
8593716,M,2020,22,28.921,8216,328,3,1101
8593716,M,2020,24,25.931,8420,728,4,2377
8593716,M,2020,25,23.361,5816,48,2,1784
8593716,M,2020,23,44.489,11994,586,5,3703
8593716,M,2020,27,36.074,11465,950,3,2415
8593716,M,2020,26,20.457,5559,98,2,468
8593716,M,2020,28,12.054,2593,12,1,825
8593716,M,2020,29,34.929,10022,738,3,1825
8593716,M,2020,30,15.512,4470,272,2,852
8593716,M,2020,31,21.391,6328,519,2,1420
8593716,M,2020,32,74.61699999999999,19216,115,5,3301
8593716,M,2020,33,9.783,3620,428,1,1086
8593716,M,2020,35,21.831000000000003,5300,12,2,1387
8593716,M,2020,34,64.042,32372,3974,1,6539
8593716,M,2020,38,35.296,8650,53,3,2907
8593716,M,2020,36,35.400999999999996,9110,38,3,1704
8593716,M,2020,39,44.127,11793,459,4,2005
8593716,M,2020,40,53.816,14972,457,5,4204
8593716,M,2020,43,38.068,9863,279,4,2992
8593716,M,2020,44,54.153,14658,596,5,4745
8593716,M,2020,41,36.815,9783,600,3,2744
8593716,M,2020,45,80.655,29975,2118,5,7111
8593716,M,2020,46,65.528,19185,932,6,5634
8593716,M,2020,42,44.556,11137,41,4,2665
8593716,M,2020,47,49.941,13770,533,5,4328
8593716,M,2020,48,26.877,6743,84,6,1362
8593716,M,2020,49,63.218,16253,418,7,4503
8593716,M,2020,51,135.875,36442,781,6,11667
8593716,M,2020,50,112.211,29472,212,7,9407
8593716,M,2020,52,10.122,2600,22,1,673
8593716,M,2021,1,11.798,4232,547,2,1031
8593716,M,2021,2,35.445,11193,1164,4,2704
8593716,M,2021,3,11.818,2784,19,1,930
8593716,M,2021,4,14.203,3620,340,2,1216
8593716,M,2021,6,6.003,2024,262,1,538
8593716,M,2021,5,22.747999999999998,5951,377,2,1069
8593716,M,2021,7,20.839,5718,543,2,1590
8593716,M,2021,10,11.393,3002,9,1,671
8593716,M,2021,8,104.355,57459,6428,2,7540
8593716,M,2021,12,31.713,10774,1224,2,3068
8593716,M,2021,11,9.878,3218,306,1,554
8593716,M,2021,13,36.983999999999995,11837,943,3,2240
8593716,M,2021,14,13.527,5343,879,1,2055
8593716,M,2021,16,66.154,20163,1728,5,4238
8593716,M,2021,15,14.011,5577,847,1,1570
8593716,M,2021,18,20.048000000000002,4982,34,2,1047
8593716,M,2021,19,60.841,18676,985,5,4053
8593716,M,2021,20,10.001,2262,6,1,785
8593716,M,2021,21,50.995,15565,870,4,4072
8593716,M,2021,22,21.418,6024,256,2,1436
8593716,M,2021,23,32.734,9757,413,3,1739
8593716,M,2021,24,21.479,5865,12,2,919
8593716,M,2021,25,12.008,3037,10,1,358
8593716,M,2021,26,30.075000000000003,9439,820,3,2075
8593716,M,2021,28,48.076,14725,917,4,2903
8593716,M,2021,29,34.543,10078,738,3,2048
8593716,M,2021,27,26.891,8844,797,2,2387
8593716,M,2021,30,51.522,14800,731,5,3256
8593716,M,2021,31,50.829,20820,2021,5,4591
8593716,M,2021,32,37.344,15638,1717,2,2429
8593716,M,2021,33,84.324,24588,1143,4,4484
8593716,M,2021,34,99.939,53325,5729.3,1,6369
8593716,M,2021,35,32.101,8127,15,3,1723
8593716,M,2021,36,44.236999999999995,11485,75,4,2561
8593716,M,2021,37,66.637,15154,341,3,4203
8593716,M,2021,39,33.561,8271,163,3,712
8593716,M,2021,38,22.781,6314,271,2,1574
8593716,M,2021,42,43.824,10558,123,1,2946
8593716,M,2021,44,1.563,466,9,1,92
8593716,M,2021,40,50.487,12716,260,3,3042
318452,M,2019,2,21.874,6885,286.8,3,1946.4
318452,M,2019,12,11.246,4353,546.9,1,1233
318452,M,2019,5,11.309,3693,321.6,1,1088.5
318452,M,2019,14,10.062,3383,377,1,989.7
318452,M,2019,9,13.274,6215,939.1,1,1611.1
318452,M,2019,13,15.0093,4613,199,1,1337.8
318452,M,2019,1,17.643,8111,824.3,1,945
318452,M,2019,16,18.860999999999997,5802,91.8,2,1609
318452,M,2019,17,20.044,6008,186.9,2,1736.6
318452,M,2019,18,18.513,5886,366.7,1,1716.3
318452,M,2019,20,35.568,9453,566.9,1,3191.5
318452,M,2019,21,14.943,4133,145.3,1,1296
318452,M,2019,22,9.561,2550,172.3,1,850.8
318452,M,2019,23,15.559999999999999,6070,265.6,2,1400.3
318452,M,2019,31,6.989,2251,38.2,1,597.7
318452,M,2019,32,19.009,5546,71.9,3,1619.1999999999998
318452,M,2019,33,25.851999999999997,11782,1559,3,3138.4
318452,M,2019,34,16.376,10984,1972.9,1,2433.9
318452,M,2019,35,8.008,2609,298.5,1,789.3
318452,M,2019,36,15.629000000000001,6316,1113.3,2,1829
318452,M,2019,37,29.922,12947,1299,2,3179.8
318452,M,2019,38,10.827,2963,106.7,1,935.8
318452,M,2019,39,35.065,9684,764.4,3,3220.2
318452,M,2019,40,33.034,10550,69.6,3,2810.3
318452,M,2019,43,17.668,5275,211.7,2,1534.9
318452,M,2019,44,30.999,9496,369.7,2,2732.6
318452,M,2019,41,8.298,2340,50.8,1,710.8
318452,M,2019,42,29.035,7393,469.8,2,2598.3
318452,M,2019,45,34.361000000000004,10760,1114.8000000000002,3,3400.4
318452,M,2019,47,22.262,6657,319.1,2,1948.3
318452,M,2019,46,9.042,2730,67.7,1,775.7
318452,M,2019,49,20.433999999999997,5488,597,2,2011.3000000000002
318452,M,2019,48,36.2155,11552,1192.3,4,3638.1
318452,M,2019,51,7.8635,2005,2.1,1,666.6
318452,M,2019,50,8.41,2772,276.8,1,821.3
318452,M,2019,52,18.232,4674,159,2,1576.2
318452,M,2020,1,9.168,2578,56.8,1,785
318452,M,2020,2,21.831,6490,60.4,2,1858.5
318452,M,2020,3,14.464,4242,75.4,1,1235.7
318452,M,2020,5,22.796,6311,114.1,2,1951
318452,M,2020,6,30.558999999999997,8741,432,3,2717.5
318452,M,2020,7,9.801,2830,67.7,1,841.4
318452,M,2020,9,42.0564,11853,680.6,3,3679.6
318452,M,2020,8,41.06,13944,1132,3,3919
318452,M,2020,10,11.002,3035,125.6,1,948.4
318452,M,2020,11,16.043,4512,327.4,2,1438.5
318452,M,2020,12,7.676,2109,168.4,1,687
318452,M,2020,13,18.534,6336,648.9000000000001,3,1835.4
318452,M,2020,14,17.537,4846,295.7,2,1554.7
318452,M,2020,17,13.069,3476,112.80000000000001,2,890.9
318452,M,2020,15,29.554,8622,345.5,3,2176.5
318452,M,2020,16,29.981,8889,387.9,3,1597.6
318452,M,2020,18,20.073999999999998,6606,664.5,2,1925.1
318452,M,2020,19,38.469,12824,959.4000000000001,4,3571.2
318452,M,2020,20,11.466,3863,112.2,1,989.8
318452,M,2020,22,19.9876,6989,791.6,2,928
318452,M,2020,23,11.966700000000001,5318,908.8,1,775
318452,M,2020,21,38.3776,16173,1380.7,4,2657.7
318452,M,2020,25,4.753,3343,829.1,1,775.7
318452,M,2020,28,29.854,13404,2079.7,2,3585.4
318452,M,2020,29,9.327,3104,215.5,1,846.7
318452,M,2020,30,18.515,8489,1354.1,3,2353.8
318452,M,2020,31,2.276,1713,1050.3,1,433.5
318452,M,2020,32,9.407,7598,572.3,1,1056.7
318452,M,2020,33,16.495,5567,145.60000000000002,2,1418.1999999999998
318452,M,2020,34,44.229,21614,2811.4,3,5189.599999999999
318452,M,2020,35,25.400999999999996,12674,1727.6,2,3169
318452,M,2020,36,22.524,12409,1554.8,1,2705.7
318452,M,2020,37,15.43,6651,864,2,1798.3
318452,M,2020,38,10.033,2622,5.3,1,861.1
318452,M,2020,39,25.256999999999998,7607,543,2,2376.9
318452,M,2020,41,38.381,10647,268.6,3,3388.7
318452,M,2020,42,48.759,13502,571.7,4,4384.6
318452,M,2020,43,28.496,8277,367.3,3,2586.7
318452,M,2020,44,33.698,9327,308.7,3,2995.6
318452,M,2020,45,52.04,15049,725.2,4,4755
318452,M,2020,46,35.028,9420,312.4,3,3118.9
318452,M,2020,47,23.522,5942,103.9,2,2049
318452,M,2020,48,22.579,7198,624.6,3,2146.6
318452,M,2020,49,12.781,5915,931,1,1603.7
318452,M,2020,50,20.607,5849,225.9,2,1828.5
318452,M,2020,51,21.186,5282,23.7,1,1810.9
318452,M,2021,2,7.393,2701,269.8,1,738.7
318452,M,2021,5,30.1205,8729,859.1,3,2938.7
318452,M,2021,6,9.579,2697,32.9,1,826.1
318452,M,2021,7,19.747,6006,131.89999999999998,2,1711.8
318452,M,2021,10,31.185000000000002,8595,554.6,3,2855
318452,M,2021,9,37.733,13512,1225.1,4,3342.3
318452,M,2021,8,62.641999999999996,22642,2332.4,6,6241.8
318452,M,2021,11,22.606,6745,561.5,2,2175.2
318452,M,2021,14,10.347,2941,76.4,1,899.5
318452,M,2021,12,12.718,3462,253.7,1,1169
318452,M,2021,15,27.65,8117,268.29999999999995,3,2464.7
318452,M,2021,16,39.429,12717,1012.4,3,3854.1
318452,M,2021,17,36.133,10697,229.6,3,2384.1
318452,M,2021,18,35.845,10796,638.7,3,2648
318452,M,2021,19,28.945999999999998,8105,227.7,2,2147
318452,M,2021,20,14.333,4139,114.1,1,1064
318452,M,2021,22,16.956,7228,1078.9,1,1237
318452,M,2021,24,6.59,3701,896.9,1,459
318452,M,2021,29,41.282,21146,2704.7,1,2701
318452,M,2021,33,7.933,2368,84,1,596
318452,M,2021,34,37.323,14693,821.1,4,2664
318452,M,2021,36,7.648,2416,73.9,1,564
318452,M,2021,38,17.334899999999998,7107,600.9,2,896
318452,M,2021,39,8.128,2949,331.4,1,623
318452,M,2021,41,13.028,4196,401.5,1,959
318452,M,2021,42,10.024,2695,40.7,1,744
318452,M,2021,43,18.123,5707,40.2,2,1343
318452,M,2021,44,16.389,5623,588.8,2,1218
33897681,M,2019,1,29.3138,10076,860.8,3,2667.6
33897681,M,2019,5,30.932,12146,1303,2,3035.1
33897681,M,2019,2,11.705200000000001,4071,382.2,1,1103.2
33897681,M,2019,7,25.1084,8209,961.5,2,2402.6
33897681,M,2019,12,32.980999999999995,12129,1298.5,2,3257.6
33897681,M,2019,11,28.891,11210,1350.9,2,2948.6
33897681,M,2019,13,14.1766,4981,599.8,1,1411.5
33897681,M,2019,14,58.0128,24435,3255.3999999999996,3,6261.5
33897681,M,2019,16,69.1659,24064,2907.1,3,6686.7
33897681,M,2019,15,46.8634,16994,1868,3,4649.2
33897681,M,2019,17,31.995799999999996,12785,1548.4,2,3353.4
33897681,M,2019,3,11.1022,4004,365.1,1,1030.8
33897681,M,2019,18,64.3957,28857,3088.7,2,6689.9
33897681,M,2019,21,45.142700000000005,13678,930.9,4,3742.2
33897681,M,2019,20,56.9079,25894,3309.5,2,6127.4
33897681,M,2019,22,9.6268,2684,143.3,1,796.3
33897681,M,2019,23,28.2627,9045,1005.6,2,2638.7
33897681,M,2019,24,11.537399999999998,3165,175,2,852.6
33897681,M,2019,25,9.662600000000001,2696,34.9,1,661
33897681,M,2019,4,14.8826,5636,712.9,1,1512.6
33897681,M,2019,26,13.6929,3845,71.4,1,1103.6
33897681,M,2019,30,6.5782,1776,59.5,1,434
33897681,M,2019,28,13.742899999999999,5561,711.2,1,1447.6
33897681,M,2019,31,20.9252,5649,263.2,2,1720.7
33897681,M,2019,32,29.0069,8308,336,2,2389.5
33897681,M,2019,33,23.1941,6613,390,3,1733.4
33897681,M,2019,34,10.657399999999999,3104,170.1,1,899.6
33897681,M,2019,35,44.8353,12925,399.5,3,3449.7
33897681,M,2019,36,17.0336,4855,142.3,2,1282.9
33897681,M,2019,37,53.9207,15255,332.8,4,4239.7
33897681,M,2019,38,52.5972,14847,751.6,3,4360.9
33897681,M,2019,39,59.056400000000004,16927,484.3,3,4824.6
33897681,M,2019,40,60.0224,17450,821.6,4,4971.5
33897681,M,2019,41,47.429700000000004,14075,474.2,3,3889.2
33897681,M,2019,42,42.8086,11923,354.1,1,3456.9
33897681,M,2019,19,15.9003,4618,245.7,2,1323.6
33897681,M,2019,6,34.159,12257,1419.5,3,3361.9
33897681,M,2019,27,6.266100000000001,1733,76,1,512.4
33897681,M,2019,49,26.2319,8593,890.4000000000001,2,2231
33897681,M,2019,48,10.2286,3201,276.9,1,903.9
33897681,M,2019,52,29.7667,7995,114.6,2,2129
33897681,M,2020,0,14.9538,5399,710.3,1,1329
33897681,M,2020,1,14.375,4977,599.2,1,1297
33897681,M,2020,2,11.389100000000001,3501,373.4,1,916
33897681,M,2020,4,13.3696,4811,661.9,1,1169
33897681,M,2020,3,10.4565,4155,548.2,1,989
33897681,M,2020,6,27.3597,9701,1270.2,2,2578
33897681,M,2020,5,33.8183,12348,1596.2,2,3051
33897681,M,2019,51,53.669999999999995,15008,160.8,4,4060
33897681,M,2019,50,10.233799999999999,2862,147.1,1,762
33897681,M,2019,45,11.5105,3819,354,1,1061.7
33897681,M,2020,10,15.2053,4017,112.1,1,1133
33897681,M,2020,8,28.110500000000002,11180,1497.5,2,2677
33897681,M,2020,9,25.5541,8021,700.6,2,2248
33897681,M,2020,7,29.032899999999998,8793,421.7,2,2056
33897681,M,2020,11,16.5405,7991,1134.1,1,1834
33897681,M,2020,12,37.2355,13018,1470,4,3417
33897681,M,2020,13,45.367000000000004,15266,1816.2,5,3945
33897681,M,2020,16,19.997300000000003,6656,811,2,1702
33897681,M,2020,19,41.544799999999995,11738,796,2,2949
33897681,M,2020,17,43.9158,15975,2189.8,4,3940
33897681,M,2020,14,37.8224,13749,1813.9,3,3605
33897681,M,2020,18,41.0199,13959,1680.7,4,3401
33897681,M,2020,15,30.7247,9828,1147.6,3,2463
33897681,M,2020,21,10.1444,2910,210.1,1,704
33897681,M,2020,20,24.0302,6411,150.3,2,1643
33897681,M,2020,22,15.2068,4440,106.2,1,1041
33897681,M,2020,25,25.271900000000002,7560,173.3,2,1700
33897681,M,2020,24,20.5795,5885,190.10000000000002,2,1431
33897681,M,2020,26,36.8968,10527,352.6,2,2563
33897681,M,2020,23,22.312,6444,333.2,2,1509
33897681,M,2020,27,33.8853,10256,630.8,3,2335
33897681,M,2020,39,32.4689,13047,1823.1999999999998,2,3334
33897681,M,2020,40,48.3814,20854,3000.2,3,5014
33897681,M,2020,42,45.5232,19636,2732.1,3,4487
33897681,M,2020,41,63.799400000000006,27462,2997.2,3,6340
33897681,M,2020,45,47.2045,17859,2298.4,4,4340
33897681,M,2020,44,49.0471,17352,2247.1000000000004,4,4353
33897681,M,2020,43,9.0154,3580,528.5,1,874
33897681,M,2020,47,44.762,18099,2530.9,3,4226
33897681,M,2020,46,45.986399999999996,17397,2454.6000000000004,4,4330
33897681,M,2020,48,43.3331,16562,2216.3,3,3847
33897681,M,2021,4,16.679100000000002,5244,336.9,2,1422
33897681,M,2021,8,10.8949,3985,576.9,1,1039
33897681,M,2021,10,23.785899999999998,6918,290.2,2,1650
33897681,M,2021,11,8.192,2440,187,1,571
33897681,M,2021,14,15.2302,4199,94.8,1,1057
33897681,M,2021,12,13.7482,3741,58.1,1,990
33897681,M,2021,15,26.7625,9885,1362.2,2,2411
33897681,M,2021,13,7.5465,2115,95.7,1,510
33897681,M,2021,16,23.854599999999998,6835,373.9,2,1566
33897681,M,2021,18,24.119500000000002,6750,217.10000000000002,2,1685
33897681,M,2021,17,24.4583,8644,829.2,2,2026
33897681,M,2021,20,32.6409,9759,473.8,3,2314
33897681,M,2021,19,28.2224,11185,1304.6999999999998,2,2565
33897681,M,2021,21,19.584,5655,273.7,1,1380
33897681,M,2021,22,10.3271,2906,151,1,691
33897681,M,2021,24,7.3697,1993,86.7,1,480
33897681,M,2021,23,8.0862,2162,93.4,1,524
33897681,M,2021,25,37.5283,12025,648.7,3,2697
33897681,M,2021,27,38.3003,11179,479,3,3121
33897681,M,2021,28,46.3548,14865,685.6,3,3665
33897681,M,2021,26,25.102400000000003,7307,210.7,2,1696
33897681,M,2021,29,8.7473,2786,221.1,1,724
33897681,M,2021,30,15.151299999999999,4261,89,1,1134
33897681,M,2021,31,30.6252,8650,319.2,2,2111
33897681,M,2021,34,29.0411,8477,398.8,3,2055
33897681,M,2021,32,10.093200000000001,3184,108.3,1,750
33897681,M,2021,33,26.7305,7873,186.4,2,1906
33897681,M,2021,36,42.1853,11868,177.5,3,2950
33897681,M,2021,35,33.56,11029,211,2,2525
33897681,M,2021,37,21.092399999999998,7221,691.9,2,1793
33897681,M,2021,39,22.3868,6376,160.7,2,1501
33897681,M,2021,38,30.6662,8717,318.7,3,2075
33897681,M,2021,41,17.772100000000002,5059,147.8,2,1223
33897681,M,2021,42,18.1253,4851,145.1,2,1323
33897681,M,2021,43,10.3655,2879,151,1,719
33897681,M,2021,40,23.8342,7255,509,3,1677
33897681,M,2021,44,29.831,10287,1110.6,2,2584
37928616,F,2019,15,12.301,4499,211.3,1,681
37928616,F,2019,22,16.442,6010,277.6,2,1817
37928616,F,2019,24,7.138,2510,149.6,1,745
37928616,F,2019,17,15.967699999999999,5049,141.6,2,1194
37928616,F,2019,29,6.935,2329,228.4,1,776
37928616,F,2019,32,26.740099999999998,9671,244.9,3,1059
37928616,F,2019,16,14.1098,4974,282.3,2,0
37928616,F,2019,34,6.6008000000000004,2236,70.8,1,442
37928616,F,2019,35,16.539,5494,137,2,1474
37928616,F,2019,36,12.566,4320,200,1,1063
37928616,F,2019,37,22,9133,0,1,0
37928616,F,2019,18,8.95,2752,223.6,1,1233
37928616,F,2019,39,18.0936,5943,338.1,2,1324
37928616,F,2019,40,16.075,5364,380,2,1825
37928616,F,2019,41,8.143,2581,0,1,919
37928616,F,2019,44,8.9668,3169,169.8,1,0
37928616,F,2019,47,8.117,2889,180,1,1040
37928616,F,2019,48,14.013,4511,230,1,1649
37928616,F,2019,50,9.552700000000002,3034,163.2,1,0
37928616,F,2020,2,16.7754,6014,298,2,861
37928616,F,2019,51,18.0132,6557,230,1,1102
37928616,F,2020,3,10.029200000000001,3858,287,1,578
37928616,F,2020,4,9.4892,2958,33,1,460
37928616,F,2020,5,12.540199999999999,3561,20,2,286
37928616,F,2020,6,19.1231,5875,70,2,1028
37928616,F,2020,8,8.3162,2584,34,1,460
37928616,F,2020,9,25.586199999999998,9252,413,3,1485
37928616,F,2020,10,20.918599999999998,6535,127,1,1135
37928616,F,2020,11,29.655299999999997,11583,521,3,1707
37928616,F,2020,12,7.6042,2953,148,1,425
37928616,F,2020,13,10.9037,3922,243,1,656
37928616,F,2020,14,32.0913,11889,721,3,1909
37928616,F,2020,15,20.658099999999997,7248,453,2,1202
37928616,F,2020,16,35.7297,13040,803,4,2092
37928616,F,2020,17,8.796899999999999,2748,163,1,444
37928616,F,2020,19,16.985100000000003,5451,44,2,867
37928616,F,2020,18,16.6351,5603,248,2,874
37928616,F,2020,21,11.5948,3441,30,2,547
37928616,F,2020,22,17.6481,5140,31,2,883
37928616,F,2020,23,7.9563999999999995,2821,161,1,418
37928616,F,2020,24,15.9711,6445,417,2,858
37928616,F,2019,33,27.8479,19105,969.8,2,2276
37928616,F,2020,26,14.3977,5127,123,2,824
37928616,F,2020,31,10.8586,3556,58,2,611
37928616,F,2020,33,11.576699999999999,4055,137,2,617
37928616,F,2020,35,4.9357,1654,45,1,259
37928616,F,2020,36,8.2298,2947,126,1,443
37928616,F,2019,38,18.5582,6554,523.8,2,658
37928616,F,2019,23,7.374,2564,200,1,792
37928616,F,2020,37,8.109300000000001,2693,135,1,455
37928616,F,2020,42,5.0169,1556,12,1,278
37928616,F,2020,43,11.1538,3440,113,2,549
37928616,F,2020,40,29.3218,10417,721,3,1621
37928616,F,2020,39,26.4389,9288,174,4,1313
37928616,F,2020,45,12.3376,4025,274,2,631
37928616,F,2020,44,16.744799999999998,5524,276,3,815
37928616,F,2020,48,5.0123,1384,10,1,242
37928616,F,2020,46,28.7114,9130,580.8,4,999
37928616,F,2020,38,43.7816,15109,570,4,2224
37928616,F,2020,49,15.586400000000001,5932,509,2,717
37928616,F,2020,47,12.2851,4151,273,1,647
37928616,F,2020,25,8.398,2552,70,1,423
37928616,F,2020,51,22.0738,7061,160,2,1189
37928616,F,2020,50,7.002800000000001,2681,240,1,319
37928616,F,2021,1,10.154,3228,151,2,459
37928616,F,2021,2,7.6605,2530,166,1,368
37928616,F,2021,3,15.652000000000001,5112,219,2,777
37928616,F,2021,4,8.475100000000001,2841,150,1,449
37928616,F,2021,6,5.0113,1503,91,1,244
37928616,F,2021,9,9.707600000000001,3604,328.5,1,626
37928616,F,2021,5,8.4862,2618,151,1,430
37928616,F,2021,10,20.0147,7193,428,1,1115
37928616,F,2021,11,8.9359,3007,137,1,506
37928616,F,2021,7,22.271500000000003,7145,276,3,1197
37928616,F,2021,13,18.2828,6085,212,2,976
37928616,F,2021,14,5.0329,1437,17,1,222
37928616,F,2021,15,16.8008,6266,356,2,986
37928616,F,2021,12,28.4797,9882,539,3,1102
37928616,F,2021,8,8.0778,2523,138,1,385
37928616,F,2021,17,7.5202,2505,21,1,422
37928616,F,2021,18,7.0167,1991,22,1,290
37928616,F,2021,16,15.7441,6820,576,1,966
37928616,F,2021,20,8.5659,3059,193,1,473
37928616,F,2021,19,5.446,1608,20,1,219
37928616,F,2021,21,15.3948,5302,248,1,794
37928616,F,2021,22,8.280899999999999,3018,202,1,495
37928616,F,2021,23,16.812199999999997,6124,408,2,970
37928616,F,2021,25,9.866,4314,291,1,0
37928616,F,2021,24,14.7776,6317,487,1,1100
37928616,F,2021,26,15.031199999999998,5169,195,2,826
37928616,F,2021,27,24.5831,8651,448,2,1231
37928616,F,2021,28,16.156200000000002,8154,645,1,1071
37928616,F,2021,29,23.8711,7682,282,2,1223
37928616,F,2021,30,15.523,5314,309,2,523
37928616,F,2021,31,9.5884,4144,299,1,653
37928616,F,2021,33,18.0279,7178,470,2,1255
37928616,F,2021,32,21.102,10671,886,2,1593
37928616,F,2021,34,9.8397,3485,160,2,521
37928616,F,2021,37,29.804299999999998,11102,630.8,2,1464
37928616,F,2021,36,35.0094,11633,454,3,1825
37928616,F,2021,35,10.960899999999999,3700,284,1,488
37928616,F,2021,39,15.5659,5292,281,2,829
37928616,F,2021,40,16.744799999999998,6013,379,2,845
37928616,F,2021,41,22.1329,7440,408.09999999999997,2,1237
37928616,F,2021,42,47.8761,19121,1159.8,2,2409
37928616,F,2021,43,9.4129,3163,36,1,462
37928616,F,2021,44,45.7308,26544,2432,1,3474
25075372,M,2019,0,37.579100000000004,11113,244.5,3,3092.5
25075372,M,2019,1,42.222899999999996,12076,222.2,3,3455.5
25075372,M,2019,4,21.627200000000002,5838,168.8,2,1787.8
25075372,M,2019,5,44.221900000000005,12426,268,3,3628.6000000000004
25075372,M,2019,3,24.682299999999998,6967,164.8,2,2023.2
25075372,M,2019,9,78.7869,22196,318.3,6,6439.1
25075372,M,2019,10,44.93,11954,197.1,3,3674
25075372,M,2019,11,55.7663,15653,522.1999999999999,4,4686.4
25075372,M,2019,12,49.938,13889,298.9,4,4103.599999999999
25075372,M,2019,14,43.4867,12573,467.4,4,3649.8
25075372,M,2019,15,22.2063,6464,154.8,2,1829.3
25075372,M,2019,16,24.248199999999997,6994,47.900000000000006,3,1905
25075372,M,2019,18,19.690599999999996,5926,113.7,2,1612
25075372,M,2019,17,13.3009,4435,390.2,1,1305.2
25075372,M,2019,19,39.6206,12050,383.90000000000003,4,2279.2
25075372,M,2019,20,32.3598,9243,203.7,3,2663.7
25075372,M,2019,21,10.985100000000001,3298,63.5,1,900.2
25075372,M,2019,6,40.4307,11390,244.5,3,3311.4
25075372,M,2019,23,37.0745,11070,148.9,4,3030.1
25075372,M,2019,26,20.7441,6149,187.5,2,1725.7
25075372,M,2019,22,22.2434,6394,209.7,2,1854.5
25075372,M,2019,28,15.4544,5162,324.1,1,1350
25075372,M,2019,7,60.4351,16748,349.70000000000005,6,4961.1
25075372,M,2019,27,41.2632,12289,497,3,3489.3
25075372,M,2019,2,54.6983,14587,243.8,5,4473.4
25075372,M,2019,30,7.7383999999999995,2160,35.5,1,634.5
25075372,M,2019,31,37.522,10725,352.3,4,3108.6
25075372,M,2019,24,27.3849,7868,213.79999999999998,2,2271.6
25075372,M,2019,32,33.0238,8877,298.6,3,2752.3
25075372,M,2019,33,69.1614,19968,657.4,5,5762.2
25075372,M,2019,37,32.064499999999995,8979,230.6,3,2648.3
25075372,M,2019,36,67.9566,19263,371.8,5,5583.4
25075372,M,2019,38,73.1936,20416,592.7,6,6075.299999999999
25075372,M,2019,29,27.6819,7894,217.29999999999998,3,2274.7
25075372,M,2019,34,37.0637,11019,665.4,3,3021.2
25075372,M,2019,35,60.1265,17020,491.70000000000005,5,4745.8
25075372,M,2019,39,70.2976,19724,344.8,5,5762.9
25075372,M,2019,40,48.813,13611,207.7,4,3989.5
25075372,M,2019,42,77.43509999999999,21380,534.9,8,6368.8
25075372,M,2019,41,47.7237,12560,233,4,3902
25075372,M,2019,43,57.1026,15531,315.1,4,4698.3
25075372,M,2019,44,78.0643,22409,313.3,5,6047.2
25075372,M,2019,45,61.232299999999995,17098,269.2,5,5004.5
25075372,M,2019,48,23.6385,6887,210.4,2,1954.3000000000002
25075372,M,2019,46,34.414500000000004,8710,187.6,3,2817.6
25075372,M,2019,47,30.1125,8257,142.4,2,2461.4
25075372,M,2019,49,56.1896,15514,458.09999999999997,4,4647.8
25075372,M,2019,50,25.712699999999998,7452,325.4,2,2153.6000000000004
25075372,M,2019,51,51.700599999999994,15026,537.6,5,4292.4
25075372,M,2019,52,29.453200000000002,8673,395.4,2,2287.8
25075372,M,2020,0,25.026899999999998,6834,108.6,2,2044.8000000000002
25075372,M,2020,1,73.4102,22033,311.2,6,6012.5
25075372,M,2020,2,81.7196,22451,471.79999999999995,6,6700.5
25075372,M,2020,3,112.596,36428,1036.3,9,9554.2
25075372,M,2020,4,74.94069999999999,20092,474.2,5,6162.2
25075372,M,2020,5,82.4964,22712,355.9,5,6740.8
25075372,M,2020,6,95.6606,26332,498.6,7,7844
25075372,M,2020,7,91.5219,24982,499,5,7497.7
25075372,M,2020,8,71.802,20087,504.59999999999997,4,5952.6
25075372,M,2020,9,12.0176,3113,27.5,1,979.4
25075372,M,2020,12,14,3600,0,1,1138.7
25075372,M,2020,10,62.238699999999994,17154,533.5,4,5152.6
25075372,M,2020,13,10.6285,3312,49.4,1,868.3
25075372,M,2020,15,9.593399999999999,3203,14.8,1,781.1
25075372,M,2020,16,64.9359,18597,115.3,6,5290
25075372,M,2020,17,51.5366,14875,88.1,5,4196.6
25075372,M,2020,18,37.9493,11243,68.69999999999999,4,3091
25075372,M,2020,19,44.1923,13501,458.20000000000005,4,3773.4
25075372,M,2020,20,49.496,14075,585.9,4,4200.6
25075372,M,2020,22,11.101600000000001,5528,1022.6,2,1501.8000000000002
25075372,M,2020,21,65.0494,30053,3944.6,4,7342
25075372,M,2020,23,38.454699999999995,10892,382.6,3,3233.5
25075372,M,2020,24,42.6492,12804,851.3,3,3723.3
25075372,M,2020,25,19.5561,6449,426.7,2,1733.7
25075372,M,2020,26,40.3394,12033,718.5,3,3480.1
25075372,M,2020,27,10.9572,3741,262.2,1,966.6
25075372,M,2020,29,42.9242,12910,355.8,4,3547.2
25075372,M,2020,30,24.221,6781,253.89999999999998,2,2004.3
25075372,M,2020,33,25.4388,7457,85.5,2,2078.5
25075372,M,2020,34,39.5236,11554,259.6,3,3262
25075372,M,2020,35,54.0341,15397,546.8,4,4527.2
25075372,M,2020,36,36.2252,10684,395.29999999999995,3,3052.5
25075372,M,2020,37,26.114800000000002,6725,34.6,2,2126.7
25075372,M,2020,38,55.9238,15805,426.2,4,4659
25075372,M,2020,39,67.5702,18864,425.3,5,5572.5
25075372,M,2020,40,50.9578,14238,186.3,4,4161.2
25075372,M,2020,41,44.3293,12946,358.3,3,3694.9
25075372,M,2020,42,33.5252,9321,127.9,3,2739.9
25075372,M,2020,44,13.4037,4389,397,1,1223.2
25075372,M,2020,46,22.0013,6607,298.3,2,1862.4
25075372,M,2020,47,23.4468,6199,14.8,3,1907.8999999999999
25075372,M,2020,45,24.9023,6583,32.2,2,2028.1999999999998
25075372,M,2020,49,26.3958,7779,94.8,2,2154.6000000000004
25075372,M,2020,48,14.4613,3980,27.3,1,1177.8
25075372,M,2020,50,39.5232,11388,300.7,3,3265
25075372,M,2020,51,57.733799999999995,16864,283,5,4774.1
25075372,M,2020,52,52.69799999999999,14948,116.8,4,4298.9
25075372,M,2021,0,15.759,4343,22.6,1,1283.3
25075372,M,2021,1,68.50240000000001,19327,541.3,5,5693.9
25075372,M,2021,2,70.882,27281,1071.6,5,6034.5
25075372,M,2021,4,52.8859,14677,264.2,4,4329.9
25075372,M,2021,3,83.57730000000001,23663,348,6,6851.8
25075372,M,2021,5,35.811499999999995,9819,324,3,2969.2
25075372,M,2021,7,33.9681,13265,734.6,3,3030.1
25075372,M,2021,8,43.0932,12354,405,3,3596
25075372,M,2021,6,31.0128,8362,26.3,2,2525.2
25075372,M,2021,9,46.8654,12870,212.6,3,3846.2
25075372,M,2021,10,42.7556,11807,124.9,3,3490.2
25075372,M,2021,11,52.0552,14653,133,4,4244.3
25075372,M,2021,12,45.2038,12677,345.79999999999995,3,3756.2
25075372,M,2021,13,26.2018,7902,133.39999999999998,2,2146.8
25075372,M,2021,15,67.3425,20124,1096.2,5,5896.1
25075372,M,2021,14,27.9586,8495,518.6,2,2421.3
25075372,M,2021,17,38.034800000000004,11180,377.2,4,3195.1
25075372,M,2021,16,47.693,16703,977.4,4,4224.8
25075372,M,2021,18,43.704899999999995,12818,622.9,3,3730.8
25075372,M,2021,19,31.5768,12902,1968.2,2,3796.7000000000003
25075372,M,2021,21,22.3734,6925,159.8,2,1844.6999999999998
25075372,M,2021,20,25.787300000000002,8089,380.2,2,2192.2
25075372,M,2021,22,21.8405,6734,354.59999999999997,2,1892
25075372,M,2021,23,22.2879,6838,314.5,2,1899.6
25075372,M,2021,25,22.793599999999998,6530,105.7,2,1863.1
25075372,M,2021,26,13.377799999999999,4381,313.2,1,1179.6
25075372,M,2021,28,46.972300000000004,14479,712,4,4024.4
25075372,M,2021,29,28.38,9076,603.4,3,2493.9
25075372,M,2021,30,22.5271,7573,518.4,2,1973.1999999999998
25075372,M,2021,31,42.2752,12053,139.7,3,3455.2
25075372,M,2021,35,30.1226,8702,189.2,3,2477.7
25075372,M,2021,34,12.2065,3862,60.3,1,998.2
25075372,M,2021,37,52.740899999999996,15261,272.1,4,4327.2
25075372,M,2021,36,14.4011,4319,80.6,1,1177.8
25075372,M,2021,38,64.7147,18863,356.3,5,5332.7
25075372,M,2021,39,76.6101,22950,675.9,6,6284.3
25075372,M,2021,40,66.9882,19623,500.5,6,4254
25075372,M,2021,41,21.8466,5818,79,3,1300
25075372,M,2021,42,30.044600000000003,8674,154.2,2,2232.6
25075372,M,2021,44,44.56,13353,188.2,3,2367
3052459,M,2019,1,48.355,13462,480.40000000000003,4,3100
3052459,M,2019,5,31.586,9036,706.6,2,2139
3052459,M,2019,3,39.331,10717,385.2,3,2298
3052459,M,2019,6,33.057,10220,787.1999999999999,3,2084
3052459,M,2019,8,57.278999999999996,16686,1609.6,4,3668
3052459,M,2019,9,44.296,13403,442.8,5,3001
3052459,M,2019,7,45.089,16292,1556.4,4,3717
3052459,M,2019,10,53.239000000000004,16152,1390.8,5,3464
3052459,M,2019,12,11.885,3313,115,1,773
3052459,M,2019,13,15.709,3807,153.8,3,1137
3052459,M,2019,16,50.106,20273,3200.8,3,4373
3052459,M,2019,19,29.64,10457,1192.6000000000001,2,2356
3052459,M,2019,21,25.228,8087,798.4,2,1694
3052459,M,2019,20,35.312,11168,969.8,3,2558
3052459,M,2019,11,48.121,13719,590,2,3451
3052459,M,2019,23,41.694,13136,1501.8,4,3361
3052459,M,2019,25,51.039,20378,2003.6,5,3959
3052459,M,2019,24,24.472,11823,1553.8000000000002,2,1832
3052459,M,2019,26,18.336,9508,1292.2,1,1331
3052459,M,2019,28,23.34,8580,1101.6,2,1724
3052459,M,2019,27,26.621,15041,2349.6,1,3318
3052459,M,2019,30,201.164,78028,12519.2,5,13502
3052459,M,2019,31,53.735,16836,1802.6,3,2214
3052459,M,2019,29,40.004999999999995,13991,2084.2,3,2796
3052459,M,2019,33,76.581,35242,4598.6,3,5081
3052459,M,2019,32,53.333,15713,1654.1999999999998,4,3734
3052459,M,2019,34,21.535,12430,1907.8000000000002,2,1459
3052459,M,2019,35,13.237,3563,78,1,925
3052459,M,2019,36,51.128,15317,1186,4,3383
3052459,M,2019,22,41.183,14368,1650.6,3,3107
3052459,M,2019,38,28.408,7574,125.8,2,1978
3052459,M,2019,39,67.345,21377,1824.8,5,4838
3052459,M,2019,40,13.146,3391,56,1,916
3052459,M,2019,41,29.145,8917,848.2,2,2083
3052459,M,2019,42,49.144000000000005,17004,1917.1999999999998,3,3477
3052459,M,2019,43,45.995999999999995,16663,1802,4,3251
3052459,M,2019,45,13.964,3763,77.6,1,980
3052459,M,2019,4,15.006,4242,168.8,3,1038
3052459,M,2019,47,18.444000000000003,4893,173.4,2,1282
3052459,M,2019,46,19.518,5136,193.6,2,1346
3052459,M,2019,48,19.419,7045,678.2,2,1374
3052459,M,2019,50,36.477,9818,408.2,3,2545
3052459,M,2019,49,10.247,2762,75.2,1,718
3052459,M,2019,51,5.585,5638,546.2,1,399
3052459,M,2020,2,35.92,10442,550.4,3,2400
3052459,M,2020,1,38.004999999999995,10947,754.8,3,2691
3052459,M,2020,3,26.303,6987,130.8,2,1740
3052459,M,2020,22,48.434,14911,1249.6,3,3454
3052459,M,2020,23,74.538,34871,5304.200000000001,4,4980
3052459,M,2020,24,46.855000000000004,22273,3076.4,2,3052
3052459,M,2020,4,13.326,3516,38.2,1,928
3052459,M,2020,25,24.692,11502,1896,1,1584
3052459,M,2020,26,82.166,41366,6511.400000000001,4,5590
3052459,M,2020,27,83.93299999999999,41624,6300.4,5,5544
3052459,M,2020,28,78.345,39075,5376.4,3,5291
3052459,M,2020,29,16.978,5030,114,1,1178
3052459,M,2020,30,7.506,2390,294,1,531
3052459,M,2020,31,86.771,38890,4614,1,5609
3052459,M,2020,32,57.47,15677,605,4,4120
3052459,M,2020,34,30.441,8987,552,3,2026
3052459,M,2019,2,13.724,3833,97.80000000000001,2,999
3052459,M,2020,36,24.848,6563,222,2,1662
3052459,M,2020,37,41.2902,15527,1510,4,2992
3052459,M,2020,38,25.817,7139,383,3,1838
3052459,M,2020,39,38.652,11190,244,3,2603
3052459,M,2020,40,13.435,3465,16,1,897
3052459,M,2019,37,23.209,6157,75.8,2,1618
3052459,M,2020,42,31.134,9668,859,2,2133
3052459,M,2020,43,25.807000000000002,7351,544,2,1864
3052459,M,2020,44,37.253,11532,993,3,2474
3052459,M,2020,45,27.654,7658,0,3,1828
3052459,M,2020,46,49.019999999999996,13258,19,4,3289
3052459,M,2020,47,21.755,6709,417,3,1583
3052459,M,2020,48,53.894,15241,667,6,3469
3052459,M,2020,49,47.497,13227,648,4,3154
3052459,M,2020,50,53.698,19119,1998,4,3863
3052459,M,2020,51,47.167,14216,1374,5,3297
3052459,M,2020,52,21.031,6405,373,4,1331
3052459,M,2021,0,16.895,6303,939,1,1419
3052459,M,2021,1,51.373,15869,893,5,3101
3052459,M,2020,35,14.563,4213,233,2,965
3052459,M,2021,3,47.336,14279,1403,3,3090
3052459,M,2021,4,48.796,14179,864,4,2954
3052459,M,2021,5,38.951,10999,179,4,2343
3052459,M,2021,6,43.432,12978,855,4,2789
3052459,M,2021,8,55.659,17039,1713,4,3735
3052459,M,2019,44,47.158,14654,1171,4,3333
3052459,M,2021,7,47.622,17520,2757,3,3527
3052459,M,2021,11,26.227,9317,1505,2,2092
3052459,M,2021,9,33.65,8876,422,3,2025
3052459,M,2021,10,39.019999999999996,10823,409,3,2578
3052459,M,2021,2,45.19,13761,780,4,3240
3052459,M,2020,41,48.19,15591,1697,4,3194
22008134,M,2019,0,9.9939,3342,208,1,738
22008134,M,2019,1,19.9566,6421,399,2,1374
22008134,M,2019,3,20.0473,6548,398,2,1454
22008134,M,2019,2,10.0607,3294,202,1,584
22008134,M,2019,4,9.9536,3286,197,1,721
22008134,M,2019,6,17.3295,5406,277,2,1268
22008134,M,2019,5,20.0256,6298,398,2,1408
22008134,M,2019,8,19.9847,5915,205,3,1349
22008134,M,2019,7,19.9545,6725,383,2,1416
22008134,M,2019,9,19.9055,6269,378,2,1467
22008134,M,2019,10,10.0075,3287,188,1,734
22008134,M,2019,11,15.018799999999999,4979,234,2,1093
22008134,M,2019,12,30.3426,10759,603,3,2014
22008134,M,2019,14,19.972,6045,203,2,1419
22008134,M,2019,13,30.0489,9280,394,4,2231
22008134,M,2019,15,26.9814,7999,214,3,1936
22008134,M,2019,16,15.9783,5167,223,3,1231
22008134,M,2019,17,22.3112,6775,217,3,1535
22008134,M,2019,19,19.9546,6535,385,2,1461
22008134,M,2019,22,30.0437,9651,418,3,2327
22008134,M,2019,20,27.098300000000002,8644,453,3,1964
22008134,M,2019,25,19.9898,6875,442,2,1565
22008134,M,2019,26,21.585,8064,272,3,1446
22008134,M,2019,27,20.1267,6074,26,3,1435
22008134,M,2019,24,17.044,5895,268,2,1252
22008134,M,2019,29,15.9154,5501,271.4,2,1114
22008134,M,2019,30,18.5165,6536,270,3,1329
22008134,M,2019,31,30.999,10244,243.4,5,2193
22008134,M,2019,32,20.076500000000003,6882,198,2,1431
22008134,M,2019,33,24.9606,8184,378,3,1883
22008134,M,2019,34,20.066200000000002,5741,48,3,1498
22008134,M,2019,35,23.950599999999998,7737,232.8,4,1817
22008134,M,2019,36,22.9295,7893,408,3,1821
22008134,M,2019,18,32.125,10073,485,4,2364
22008134,M,2019,38,7.0935,2293,82,1,510
22008134,M,2019,41,29.865,9306,395,3,2198
22008134,M,2019,39,26.8752,9029,451,3,1953
22008134,M,2019,40,19.726300000000002,6789,375,2,1420
22008134,M,2019,43,29.8709,10075,565,3,2234
22008134,M,2019,44,25.9958,7728,206,4,1875
22008134,M,2019,42,9.943700000000002,3513,195,1,800
22008134,M,2019,21,21.224600000000002,6623,222,2,1497
22008134,M,2019,37,8.5602,2839,245,1,718
22008134,M,2019,45,11.041799999999999,3002,9,3,779
22008134,M,2019,47,21.3107,6915,275,3,1569
22008134,M,2019,28,31.103,11594,432,4,2292
22008134,M,2019,48,4.9755,1454,70,1,351
22008134,M,2019,49,9.923,3406,193,1,654
22008134,M,2019,46,9.554,3342,191,1,651
22008134,M,2019,52,10.0379,3198,197,1,734
22008134,M,2019,50,9.9353,3301,188,1,696
22008134,M,2020,1,19.8483,6645,391,2,1400
22008134,M,2020,0,10.011899999999999,3356,196,1,706
22008134,M,2019,51,26.9536,9417,467,3,1790
22008134,M,2020,3,19.9032,6473,391,2,1338
22008134,M,2020,2,9.9932,3375,197,1,646
22008134,M,2020,4,7.0123,2131,84,1,486
22008134,M,2020,5,20.029899999999998,5650,20,3,1391
22008134,M,2020,7,10.0076,3121,185,1,764
22008134,M,2020,6,20.0225,6145,205,2,1446
22008134,M,2020,9,10.1136,2766,34,1,730
22008134,M,2020,8,20.0241,6149,203,2,1470
22008134,M,2020,10,20.11,7171,384,2,1282
22008134,M,2020,11,16.8293,5897,268,2,970
22008134,M,2020,12,30.130000000000003,10085,389,3,2071
22008134,M,2020,13,40.0049,12812,665,4,2790
22008134,M,2020,14,27.0687,8348,407,3,1943
22008134,M,2020,15,35.707899999999995,11432,523,4,2435
22008134,M,2020,16,40.0791,12846,459,4,2869
22008134,M,2020,17,27.0877,8677,423,3,1940
22008134,M,2020,18,40.0353,12565,555.1,4,2799
22008134,M,2020,19,29.9685,9176,376,4,2160.6
22008134,M,2020,20,39.8947,12510,660.4,4,2775
22008134,M,2020,23,29.7714,9852,564,3,1827
22008134,M,2020,21,29.984099999999998,10026,563,3,2179
22008134,M,2020,24,29.5527,9291,430,3,1977
22008134,M,2020,22,25.026500000000002,7304,233.2,3,1525
22008134,M,2020,25,20.0307,6291,195,3,1405
22008134,M,2020,27,29.7777,9779,341,5,1991
22008134,M,2020,26,36.0651,11600,565,5,2510
22008134,M,2020,29,26.982,8626,274,3,1833
22008134,M,2020,28,39.933899999999994,13053,744,4,2839
22008134,M,2020,30,19.984899999999996,6228,184,2,1361
22008134,M,2020,31,32.2033,9912,341,4,2153
22008134,M,2020,33,20.0923,6213,193,2,1379
22008134,M,2020,32,19.0505,5526,39,3,1247
22008134,M,2020,34,35.1166,11271,418.6,4,2453
22008134,M,2020,35,35.423,11517,642,4,2401
22008134,M,2020,36,25.007199999999997,8036,371,3,1820
22008134,M,2020,37,29.884700000000002,9990,544,3,2031
22008134,M,2020,38,40.001599999999996,13322,750,4,2793
22008134,M,2020,39,34.934200000000004,11339,580,4,2338
22008134,M,2020,40,24.9553,8073,368.9,3,1806
22008134,M,2020,41,34.985299999999995,10974,397,4,2407
22008134,M,2020,42,25.0826,8380,401,3,1799
22008134,M,2020,44,37.459399999999995,12426,566,6,2772.8
22008134,M,2020,43,30.9156,9679,372.4,5,2231.6
22008134,M,2020,46,33.9261,11582,598.6,4,2509.6
22008134,M,2020,45,29.1344,9596,545,3,2080
22008134,M,2020,47,43.0863,14698,959,5,2998
22008134,M,2020,48,19.900799999999997,6465,395,2,1336
22008134,M,2020,50,29.2855,9346,580,3,1930
22008134,M,2020,49,29.9327,9905,588,3,1991
22008134,M,2020,51,22.8203,7398,379.5,3,1757.4
22008134,M,2020,52,19.832,6477,397,2,1332
22008134,M,2021,0,9.9374,3220,198,1,678
22008134,M,2021,1,19.919600000000003,6532,394,2,1297
22008134,M,2021,2,19.979,6060,212,2,1264
22008134,M,2021,3,17.05,5919,373,2,1093
22008134,M,2021,4,2.0375,698,9,1,113
22008134,M,2021,5,11.279100000000001,3608,71,4,639
22008134,M,2021,6,14.9211,4671,116,3,878
22008134,M,2021,7,17.9984,5606,201,2,1089
22008134,M,2021,8,27.9943,8785,385,3,1750
22008134,M,2021,9,39.9251,12853,581,4,2505
22008134,M,2021,10,20.106,6168,204,3,1261
22008134,M,2021,11,29.8812,9918,580,3,1929
22008134,M,2021,12,25.033,8146,397,3,1609
22008134,M,2021,13,19.903,5999,203,2,1270
22008134,M,2021,14,25.8224,8307,409,3,1662
22008134,M,2021,15,40.0931,13213,598,4,2681
22008134,M,2021,16,29.938499999999998,9296,389,3,1978
22008134,M,2021,17,19.902099999999997,6176,195,2,1383
22008134,M,2021,18,24.7753,8008,382,3,1756
22008134,M,2021,19,34.858000000000004,10684,313,4,2211
22008134,M,2021,21,29.913899999999998,9351,385,3,1803
22008134,M,2021,20,30.3956,9967,565,3,1766
22008134,M,2021,22,39.994299999999996,12683,387,5,2450
22008134,M,2021,23,26.9941,8436,205,3,1748
22008134,M,2021,24,26.5813,8426,315,3,1744
22008134,M,2021,25,39.7144,12792,676.7,4,2562
22008134,M,2021,26,32.006699999999995,10562,385,4,1808
22008134,M,2021,27,34.1785,11412,385,4,1957
22008134,M,2021,28,34.679199999999994,11510,384,4,2164
22008134,M,2021,29,21.6909,7087,98,3,1286
22008134,M,2021,30,34.9238,11163,391,4,2158
22008134,M,2021,31,22.307000000000002,6928,191,3,1349
22008134,M,2021,32,18.7785,6234,121,4,1111
22008134,M,2021,33,25.029,7313,20,3,1678
22008134,M,2021,34,24.632099999999998,8324,379,3,1446
22008134,M,2021,35,26.817999999999998,8850,171,5,1680
22008134,M,2021,36,28.0835,8633,198,3,1819
22008134,M,2021,37,29.436500000000002,9751,513,5,1952
22008134,M,2021,38,24.1972,7455,43,3,1537
22008134,M,2021,39,27.7695,8751,380,3,1781
22008134,M,2021,40,37.2277,12319,415,4,2202
22008134,M,2021,41,27.0865,8619,281,3,1661
22008134,M,2021,42,29.8139,9634,292,5,1750
22008134,M,2021,43,28.7381,9783,677,3,1862
22008134,M,2021,44,14.7288,4585,188,2,743
35371314,M,2019,25,19.678,8106,697,2,1407
35371314,M,2019,27,21.7838,8995,1346.2,1,1524
35371314,M,2019,30,60.7552,19809,1256.5,2,4791
35371314,M,2019,31,23.677,8185,560.8,2,1859
35371314,M,2019,32,57.1234,18960,1171.7,3,4423
35371314,M,2019,33,32.9895,10817,880.6,2,2568
35371314,M,2019,34,36.4681,15444,2108,3,2638
35371314,M,2019,35,50.7873,20119,2487.9,2,3822
35371314,M,2019,36,27.92,10331,545,3,2082
35371314,M,2019,37,15.911999999999999,4378,100,2,1240
35371314,M,2019,38,42.2549,13087,1335.8,3,3165
35371314,M,2019,26,25.060000000000002,10164,1060,2,1895
35371314,M,2019,40,68.515,24254,2531,5,5243
35371314,M,2019,41,24.692,7716,405.6,2,1918
35371314,M,2019,42,35.9704,10123,507.8,2,2793
35371314,M,2019,43,18.683,6526,522,2,1416
35371314,M,2019,44,19.407,6563,351,2,1513
35371314,M,2019,45,23.525,6200,210,2,1820
35371314,M,2019,46,39.754,14156,1408.4,3,2977
35371314,M,2019,48,30.297,9994,543,3,2351
35371314,M,2019,47,8.9075,3319,341,1,680
35371314,M,2019,39,37.554,12959,1043,3,2850
35371314,M,2019,51,12.347,3336,116,1,954
35371314,M,2020,2,32.114599999999996,8706,2001.4,1,2363
35371314,M,2020,4,38.509100000000004,11981,686.8,3,3173.6
35371314,M,2019,29,7.187,2272,107,1,554
35371314,M,2020,7,18.881999999999998,5808,233,2,1492
35371314,M,2020,10,21.612,7995,940,1,1732
35371314,M,2020,11,16.954,5465,81,2,1312
35371314,M,2020,8,12.596,3243,175.4,1,992
35371314,M,2020,12,56.396,17486,800.6,5,4406
35371314,M,2020,13,62.044,18142,315.6,6,4873
35371314,M,2020,14,37.478,11209,154.6,4,2954
35371314,M,2020,15,25.228,7032,263,2,1983
35371314,M,2020,16,28.89,7858,266.4,3,2269
35371314,M,2019,28,37.861599999999996,10305,2767.1,3,2864
35371314,M,2020,18,80.0501,26040,1182,6,6177
35371314,M,2020,19,47.799,14481,1104.4,4,3686
35371314,M,2020,20,72.315,26394,1705,3,5562
35371314,M,2020,21,39.894,12690,830,3,3110
35371314,M,2020,22,80.8868,37934,4027,5,6391
35371314,M,2020,23,40.5376,14887,1057,4,2881
35371314,M,2020,24,23.7719,6696,146,3,1403
35371314,M,2020,25,52.101600000000005,38308,4655,4,5634
35371314,M,2020,26,56.49679999999999,24174,2852,4,4903
35371314,M,2020,27,34.7137,12198,774,3,2442
35371314,M,2020,28,76.7474,46706,4663.6,5,6443
35371314,M,2020,29,78.2305,48097,4026,5,6641
35371314,M,2020,30,38.6515,11264,556,3,2401
35371314,M,2020,31,75.3048,23845,1704,4,5159
35371314,M,2020,32,86.6167,26264,1776,6,5542
35371314,M,2020,34,43.399,12632,1010,3,2774
35371314,M,2020,33,70.6873,25002,2225,3,4607
35371314,M,2020,35,109.1792,59710,5969,5,9265
35371314,M,2020,36,24.377699999999997,8674,583,2,1724
35371314,M,2020,37,34.178,11600,825,3,2539
35371314,M,2020,38,40.2937,12686,574,4,3228
35371314,M,2020,39,136.3394,77076,6387,3,12024
35371314,M,2020,41,44.84140000000001,17250,1982,4,3809
35371314,M,2020,42,40.5999,13315,1034,3,3027
35371314,M,2020,44,28.5122,8517,88,3,2261
35371314,M,2020,43,23.1735,6832,309,2,1723
35371314,M,2020,45,20.0143,5906,104,2,1373
35371314,M,2020,46,35.6947,10558,113,3,2282
35371314,M,2020,17,41.665,12374,197,3,3292
35371314,M,2020,49,6.6661,2030,61,1,545
35371314,M,2020,1,17.363,5255,158,2,1365
35371314,M,2020,51,35.311,10250,491,3,2464
35371314,M,2020,6,2.658,820,35,1,206
35371314,M,2020,52,25.869999999999997,6829,253,2,1790
35371314,M,2021,0,9.201,2456,154,1,616
35371314,M,2021,1,26.883900000000004,9197,651,2,2618
35371314,M,2020,48,43.689699999999995,13460,992,2,3174
35371314,M,2021,2,45.2782,13567,747,3,3785
35371314,M,2021,4,64.2142,19972,1704,3,4633
35371314,M,2021,5,22.999200000000002,7739,570,2,1777
35371314,M,2021,6,15.869399999999999,5166,294,2,1298
35371314,M,2021,7,55.121700000000004,16510,485,4,4101
35371314,M,2021,8,71.4059,23020,1628,5,5262
35371314,M,2020,50,39.0756,13312,1040,4,3213
35371314,M,2021,10,30.565199999999997,9027,230,2,2149
35371314,M,2021,3,47.176100000000005,14003,769,4,3362
35371314,M,2021,11,3.7224,1290,17,1,311
35371314,M,2021,13,45.0812,13966,862,3,3150
35371314,M,2020,47,20.503400000000003,6154,230,2,1326
35371314,M,2021,15,56.6299,17981,1003,4,3455
35371314,M,2021,14,55.141,17410,1008,3,3584
35371314,M,2021,16,79.4605,27009,2343,3,4944
35371314,M,2021,12,46.5601,14755,803,3,3199
35371314,M,2021,18,74.557,25292,3114,4,5287
35371314,M,2021,20,101.9514,36457,4059,4,6900
35371314,M,2021,21,38.754999999999995,12151,1165,2,2655
35371314,M,2021,9,35.5625,12369,780,2,2261
35371314,M,2021,22,48.016,16152,551,3,3505
35371314,M,2021,24,33.7649,10298,543,3,2488
35371314,M,2021,25,14.379,4533,119,2,853
35371314,M,2021,26,64.1865,21829,1975,4,4543
35371314,M,2021,17,70.7385,24818,2651,4,4970
35371314,M,2021,19,39.237700000000004,13315,733,2,2354
35371314,M,2021,23,39.1138,14913,1729,2,2864
35371314,M,2021,27,31.0783,8363,192,3,2272
35371314,M,2021,28,33.5444,11926,1119,3,2935.5
35371314,M,2021,29,23.5278,7960,576,1,1524
35371314,M,2021,32,51.6781,16426,948,4,3731.8
35371314,M,2021,34,46.237899999999996,12762,738.8,4,2964
35371314,M,2021,30,42.2469,15101,1517,3,2941
35371314,M,2021,33,99.4724,34272,2183,4,7041
35371314,M,2021,36,95.25970000000001,31706,2180,4,6357
35371314,M,2021,35,75.4644,26389,2445,5,5338
35371314,M,2021,37,20.084600000000002,7194,567,2,1572
35371314,M,2021,38,80.0291,36766,2086,2,6554
35371314,M,2021,39,26.108800000000002,7182,489,2,1868
35371314,M,2021,40,143.8228,66105,5227,3,12267
35371314,M,2021,42,14.0032,4837,211,2,1004
6526563,M,2019,8,16.1115,7840,901,1,1933
6526563,M,2019,7,19.175099999999997,8664,984.2,1,2447
6526563,M,2021,37,7.049600000000001,3123,264,1,840
6526563,M,2019,26,9.635,3976,93.8,1,1014.6
6526563,M,2021,42,9.205,3278,187,1,913
6526563,M,2021,44,10.1567,3807,225,1,898
6526563,M,2021,43,15.7593,5673,349,2,1334
6526563,M,2021,38,24.289,21847,2044,2,4114
6526563,M,2019,6,14.3049,6656,1001.4,1,2220
36000617,F,2019,1,26.2741,8808,657.9,3,0
36000617,F,2019,2,10.6639,3967,312.2,1,0
36000617,F,2019,6,6.3966,2445,302.4,1,0
36000617,F,2019,7,20.7339,9902,1383.8000000000002,3,0
36000617,F,2019,9,17.2318,5293,312.2,2,0
36000617,F,2019,8,20.739,5752,365,3,1307
36000617,F,2019,10,15.0851,4613,301.7,2,480
36000617,F,2019,4,6.019399999999999,2454,312.8,1,0
36000617,F,2019,12,21.03,8605,912,2,1206
36000617,F,2019,13,17.035,5487,338.1,2,552
36000617,F,2019,14,40.219,14883,2102.4,4,2323
36000617,F,2019,15,31.28,10842,962,4,1826
36000617,F,2019,16,20.011,8610,1129,2,1127
36000617,F,2019,17,35.5665,11738,1343,3,2087
36000617,F,2019,18,8.005,3635,587,1,422
36000617,F,2019,20,28.2825,11346,1529,3,1602
36000617,F,2019,21,19.5335,6882,761,3,1149
36000617,F,2019,19,25.528,11394,1672,3,1390
36000617,F,2019,23,25.462,10051,1033,3,1439
36000617,F,2019,25,11.546,4528,525,2,683
36000617,F,2019,24,17.8405,6187,543,2,1038
36000617,F,2019,11,24.96,8058,643,3,1485
36000617,F,2019,26,11.716,4467,614,1,693
36000617,F,2019,30,28.894,11101,1151,3,1639
36000617,F,2019,28,16.298000000000002,5801,530.4,2,394
36000617,F,2019,31,8.595,2500,62,1,502
36000617,F,2019,32,37.1555,13869,818,3,944
36000617,F,2019,33,15.602,4695,102,2,922
36000617,F,2019,39,33.4475,9629,257,4,1970
36000617,F,2019,40,15.725999999999999,4888,117.19999999999999,2,917
36000617,F,2019,41,26.312,8332,470,3,1549
36000617,F,2019,42,29.7105,9334,445,4,1735
36000617,F,2019,43,25.914,7893,341,3,1510
36000617,F,2019,45,21.28,6576,434,3,1269
36000617,F,2019,44,23.697499999999998,7207,364,3,1386
36000617,F,2019,47,28.046,8373,471,3,1657
36000617,F,2019,3,16.2895,5176,292.59999999999997,2,0
36000617,F,2019,48,28.398000000000003,8050,410,3,1665
36000617,F,2019,49,23.47,7218,427,2,1381
36000617,F,2019,50,21.472,6191,218,2,1259
36000617,F,2019,46,27.453,9281,692.4,3,1593
36000617,F,2019,51,42.538,12328,261.8,4,2490
36000617,F,2019,5,20.886499999999998,5825,286,2,535
36000617,F,2019,52,10.953,3033,83,1,639
36000617,F,2019,27,31.896,13677,1606,2,1765
36000617,F,2020,2,37.763000000000005,11146,677.6,4,2221
36000617,F,2020,4,25.534,8015,557,2,1501
36000617,F,2020,1,39.655,12081,518,4,2310
36000617,F,2020,3,26.991,9940,1038,3,1555
36000617,F,2020,6,28.2715,8303,463,3,1651
36000617,F,2020,7,33.062,10473,884.5999999999999,3,1954
36000617,F,2020,5,39.961,13381,1141,3,2343
36000617,F,2020,9,40.022999999999996,12449,800.4,4,2341
36000617,F,2020,8,32.8725,11940,1190,3,1878
36000617,F,2020,11,31.809,10315,695,4,1894
36000617,F,2020,10,18.073,5501,130,2,1054
36000617,F,2020,14,37.622,13047,1174,5,2210
36000617,F,2020,12,19.767,6851,654,3,1181
36000617,F,2020,15,36.788,12916,1474.6,5,2127
36000617,F,2020,13,34.572,11357,878.8,4,2034
36000617,F,2020,17,33.375,11117,930.6,4,1937
36000617,F,2020,16,32.94,10554,748,4,1932
36000617,F,2020,19,30.986,10072,596,3,1812
36000617,F,2020,18,25.286,9733,1034,4,1476
36000617,F,2020,21,14.766,5160,354,2,866
36000617,F,2020,22,13.814,4725,334,2,795
36000617,F,2020,23,22.470000000000002,8124,843,3,1322
36000617,F,2020,24,28.241999999999997,10479,791,3,1630
36000617,F,2020,26,13.017,4463,308,2,753
36000617,F,2020,28,8.575,3328,387.4,1,500
36000617,F,2020,29,8.648,3173,220,1,511
36000617,F,2020,25,6.004,2444,272,1,353
36000617,F,2020,31,20.939999999999998,7351,389,2,1225
36000617,F,2020,34,17.3985,5692,310,3,1015
36000617,F,2020,27,32.123000000000005,12113,987,4,1864
36000617,F,2020,30,8.711,2620,42,1,510
36000617,F,2020,39,22.771,8097,634.4,3,1338
36000617,F,2020,40,35.348,11655,588.6,4,2085
36000617,F,2020,32,7.838,2531,58,1,461
36000617,F,2020,41,29.264,11878,1318.4,3,1634
36000617,F,2020,38,8.589,2640,36,1,502
36000617,F,2020,42,6.661,2498,294,1,388
36000617,F,2020,44,43.041,14086,790,5,2535
36000617,F,2020,43,30.576,11640,1284,4,1780
36000617,F,2020,46,52.635000000000005,18016,970,6,2556
36000617,F,2020,45,53.168,18349,1462.8,6,3122
36000617,F,2020,47,52.1525,16449,992,6,3061
36000617,F,2020,48,26.112000000000002,9635,1078,3,1534
36000617,F,2020,50,55.138,18300,1215,6,3246
36000617,F,2020,49,33.612,11435,1178,4,1976
36000617,F,2020,52,10.088,2563,83,1,588
36000617,F,2020,51,36.8399,13533,1403.9,4,1624
36000617,F,2021,2,28.624,10178,1198.6,3,1063
36000617,F,2021,3,40.189,13740,926,5,2379
36000617,F,2021,1,31.881999999999998,9981,740,4,1912
36000617,F,2021,4,15.475000000000001,5807,480,2,911
36000617,F,2021,6,7.581,2821,348,1,458
36000617,F,2021,5,34.1196,12972,1113.9,4,2098
36000617,F,2021,7,19.572000000000003,6009,235,2,1148
36000617,F,2021,8,19.21,5857,150,2,1122
36000617,F,2021,9,33.91,10977,672,4,1986
36000617,F,2021,10,33.829,12054,818,4,1980
36000617,F,2021,11,23.195999999999998,8518,740,3,1349
36000617,F,2021,13,50.111,19018,1590,6,2866
36000617,F,2021,12,38.524,15381,1614,4,2222
36000617,F,2021,14,36.989,12947,1092,4,2179
36000617,F,2021,15,22.217,8432,711,3,1319
36000617,F,2021,16,40.589999999999996,14585,1303.8,4,1860
36000617,F,2021,17,44.766000000000005,16561,1468.5,5,2257
36000617,F,2021,18,37.778999999999996,13925,888,4,2193
36000617,F,2021,19,52.78,23909,2055,4,2959
36000617,F,2021,20,30.528,15673,1626,4,1696
36000617,F,2021,21,61.6227,39954,3765.7,4,2907
36000617,F,2021,22,24.497,8533,439,3,1458
36000617,F,2021,23,32.065,23049,931,3,2088
36000617,F,2021,25,17.861,7016,492,2,1046
36000617,F,2021,24,26.1391,8331,151.6,3,946
36000617,F,2021,28,37.306,18548,2526,3,2066
36000617,F,2021,29,27.872,11549,1064,3,1595
36000617,F,2021,32,6.7,2604,240,1,425
36000617,F,2021,30,23.933,9083,592,3,1387
36000617,F,2021,34,17.153,6495,508,2,1016
36000617,F,2021,33,29.273000000000003,10029,243,3,1728
36000617,F,2021,26,32.425,12120,852,3,1885
36000617,F,2021,35,50.977000000000004,21368,1897,5,2994
36000617,F,2021,27,35.935500000000005,13892,1273.3,4,1683
36000617,F,2021,36,11.508,6773,795,1,599
36000617,F,2021,38,24.125,8833,508,3,1407
36000617,F,2021,37,17.6908,7503,667.4,2,1297
36000617,F,2021,39,40.243,18706,2383,2,2232
36000617,F,2021,40,47.503,17847,1358,5,2758
36000617,F,2021,41,32.818,19416,1875,2,1086
36000617,F,2021,42,14.644,5016,396,2,877
36000617,F,2021,44,7.68,2225,12,1,445
41787888,M,2019,24,19.8607,8052,129.5,2,0
41787888,M,2019,22,70.5273,25246,449.9,1,0
41787888,M,2019,30,10.4175,3728,59.5,1,0
41787888,M,2019,33,11.122,4240,61.8,1,0
41787888,M,2019,35,21.5076,7865,120.19999999999999,2,0
41787888,M,2019,36,22.5106,8147,131.7,2,0
41787888,M,2019,37,11.118799999999998,4071,59.7,1,0
41787888,M,2019,39,11.0903,3958,57.3,1,0
41787888,M,2019,41,11.2119,3980,55.7,1,0
41787888,M,2019,42,8.073,2650,47,1,0
41787888,M,2019,44,9.5389,2951,51.8,1,0
41787888,M,2019,43,9.4374,2909,47.1,1,0
41787888,M,2020,1,10.015799999999999,3263,69.5,1,0
41787888,M,2019,48,13.625399999999999,5917,362.8,2,0
41787888,M,2019,32,15.3319,5817,23.6,2,0
41787888,M,2020,2,8.0683,3482,198.7,1,0
41787888,M,2020,3,9.7787,3926,225.6,1,0
41787888,M,2020,4,8.0628,3249,197.6,1,0
41787888,M,2020,5,4.79,1431,185.6,1,0
41787888,M,2020,10,8.1317,3292,197,1,0
41787888,M,2020,11,7.1516,2782,125.3,1,0
41787888,M,2020,12,4.0723,1613,90.6,1,0
41787888,M,2020,14,7.9421,3191,122,1,0
41787888,M,2020,15,8.4575,3351,130.5,1,0
41787888,M,2019,28,11.0423,4251,64.7,1,0
41787888,M,2020,22,11.1729,4390,181.5,1,0
41787888,M,2020,24,11.6388,4562,201.1,1,0
41787888,M,2020,27,17.0762,6326,167.5,2,0
41787888,M,2020,28,7.8921,3169,197.8,1,0
41787888,M,2020,29,11.1428,4194,6.9,1,0
41787888,M,2020,21,4.2715,1602,74.7,1,0
41787888,M,2020,35,12.005,4349,25.7,1,0
41787888,M,2019,23,9.9671,4183,58.5,1,0
41787888,M,2020,34,10.229,3747,15.9,1,0
41787888,M,2020,39,10.2085,3799,16.3,1,0
41787888,M,2020,40,10.1385,3403,14.3,1,0
41787888,M,2020,41,10.04,3612,19.4,1,0
41787888,M,2020,42,10.036200000000001,3785,19,1,0
41787888,M,2021,3,10.159600000000001,3893,19.4,1,0
41787888,M,2020,37,15.155,5386,17.1,1,0
41787888,M,2021,20,7.2317,2872,72.4,2,0
41787888,M,2021,21,3.0261,1085,14.6,1,0
41787888,M,2021,22,15.0872,5757,70.8,2,0
41787888,M,2021,23,12.0144,4485,39.5,1,0
41787888,M,2021,24,11.7776,4475,20.5,1,0
41787888,M,2021,12,6.1352,2351,11.8,1,0
41787888,M,2021,27,5.5825,1953,6.7,1,0
41787888,M,2021,36,14.24,4993,616.8,2,0
41787888,M,2021,37,7.2332,2885,296.1,1,0
41787888,M,2021,38,8.64,4160,465,1,0
41787888,M,2021,39,8.5485,3312,352.9,1,0
41787888,M,2021,40,8.783299999999999,3602,465.3,1,0
41787888,M,2021,26,3.4093,980,15.8,1,0
41787888,M,2019,31,6.4926,2355,126.9,1,0
41787888,M,2021,18,4.4736,1808,80.2,1,0
41962893,M,2019,27,10.22,10177,1566.8,1,1797.7
41962893,M,2019,28,75.24839999999999,17520,1584.6,1,7118.2
41962893,M,2020,22,5.6723,2436,227.2,1,621.2
41962893,M,2020,26,5.4797,1985,189,1,453
41962893,M,2020,34,5.5105,2000,202,1,438
41962893,M,2021,7,7.9306,2557,214,1,618
41962893,M,2021,6,5.2793,3524,701,1,684
41962893,M,2021,18,8.101899999999999,2509,217,1,591
41962893,M,2021,20,13.0039,4142,401,1,1184.3
41962893,M,2021,22,8.1477,2806,207,1,674
41962893,M,2021,28,10.178799999999999,3253,213,1,832
41962893,M,2019,34,7.123600000000001,2031,322.3,1,799.1
41962893,M,2019,48,12.093,3824,158,1,1083
41962893,M,2019,39,7.722600000000001,2657,223,1,622
1622079,M,2019,23,33.034,12552,269.2,5,1561
1622079,M,2019,24,22.8095,7400,170.7,3,1088
1622079,M,2019,25,32.760400000000004,10323,229.6,4,1554
1622079,M,2019,27,24.8017,7445,213.3,3,1208
1622079,M,2019,26,33.5115,10482,245.2,4,1622
1622079,M,2019,28,24.5821,7681,155,3,1177
1622079,M,2019,32,21.0053,6035,137.5,1,978
1622079,M,2019,33,44.461999999999996,17063,1538.8,3,2629
1622079,M,2019,34,29.295499999999997,9510,752.4,3,1602
1622079,M,2019,35,38.434200000000004,12016,246.29999999999998,4,1866
1622079,M,2019,36,45.9696,13506,294.4,4,2302
1622079,M,2019,37,48.8099,15307,251.39999999999998,4,2368
1622079,M,2019,38,31.9397,9915,186.3,3,1570
1622079,M,2019,39,55.2003,17476,291.8,5,2634
1622079,M,2019,40,55.091,17172,280.9,5,2943.1
1622079,M,2019,41,62.4108,20205,394.9,5,3038
1622079,M,2019,30,29.168599999999998,9203,423,3,1527
1622079,M,2019,42,65.3827,20239,480.6,5,3186
1622079,M,2019,31,29.1922,9179,217.7,2,1421
1622079,M,2019,45,59.5513,17156,296.9,4,2510
1622079,M,2019,46,42.723,12469,253.6,3,2109
1622079,M,2019,49,10.170300000000001,3355,90.4,2,556
1622079,M,2019,50,33.6101,9809,280.6,3,1666
1622079,M,2019,51,32.5823,9512,197.10000000000002,2,1580
1622079,M,2019,52,22.371,6630,138,1,992
1622079,M,2020,0,11.5291,3718,70.2,1,607
1622079,M,2020,1,38.545500000000004,11333,265.1,2,1953
1622079,M,2019,44,64.27,19953,339.3,5,3077
1622079,M,2019,43,65.5499,20173,439.09999999999997,5,3162
1622079,M,2019,29,29.0897,9551,461.5,3,1470
1622079,M,2020,2,34.8771,10192,178.5,2,1683
1622079,M,2020,6,44.428599999999996,12884,321.9,2,2194
1622079,M,2020,7,15.8641,4717,122.3,1,811
1622079,M,2020,8,14.066799999999999,3933,91.2,1,705
1622079,M,2020,3,58.175999999999995,17212,337.6,3,2765
1622079,M,2020,4,33.8596,10000,173.79999999999998,3,1698
1622079,M,2020,5,67.04329999999999,18982,453.5,3,3189
1622079,M,2020,9,30.4393,8519,138,1,1526
1622079,M,2020,19,20.4125,6452,55.6,3,1039
1622079,M,2020,22,13.348799999999999,3601,10.6,1,648
1622079,M,2020,23,20.8913,6472,305.1,2,1133
1622079,M,2020,20,23.6385,7177,62.900000000000006,3,1207
1622079,M,2020,21,26.9086,7966,57,3,1374
1622079,M,2020,25,16.7975,5471,311.5,2,871
1622079,M,2020,24,19.3262,5349,50.6,2,947
1622079,M,2020,26,8.1885,2379,32,1,373
1622079,M,2020,27,17.643,4921,57,2,873
1622079,M,2020,28,22.8212,6425,113.60000000000001,2,1108
1622079,M,2020,29,21.7823,6034,41,2,1109
1622079,M,2020,30,17.610300000000002,5079,60.3,2,891
1622079,M,2020,32,14.4557,4307,76.6,1,727
1622079,M,2020,33,37.2521,10186,66.6,2,1897
1622079,M,2020,34,42.146,13190,592.9,4,2314
1622079,M,2020,35,27.8078,8344,82.7,3,1444
1622079,M,2020,37,8.7962,2498,21.3,1,440
1622079,M,2020,38,10.3225,2920,26.5,1,525
1622079,M,2020,40,15.1836,4252,38.1,1,830
1622079,M,2020,45,10.350700000000002,2833,26.1,1,447
1622079,M,2020,48,20.7344,5798,49.099999999999994,2,1047
1622079,M,2020,49,27.3215,7466,73.3,2,1424
1622079,M,2020,50,20.6595,5784,61.1,2,971
1622079,M,2020,51,18.0133,5026,12.1,1,883
1622079,M,2020,52,10.399299999999998,2913,29.1,1,467
1622079,M,2021,1,10.207,2860,22.9,1,502
1622079,M,2021,4,6.7646999999999995,1868,36.9,1,331
1622079,M,2021,6,21.2323,5920,56.6,1,1051
1622079,M,2021,11,16.2822,4552,38,1,460
1622079,M,2021,12,13.0851,3600,8.7,1,684
1622079,M,2021,13,13.007,3747,8.7,1,696
1622079,M,2021,14,34.3024,9817,61.5,2,1042
1622079,M,2021,15,29.7938,8586,65.9,2,1436
1622079,M,2021,16,36.0155,10031,47.7,2,1764
1622079,M,2021,17,25.058,6876,32.6,2,1099
1622079,M,2021,18,26.2683,7407,63.400000000000006,2,964
1622079,M,2021,19,10.3614,2950,7.8,1,530
1622079,M,2021,20,25.8125,7359,56,2,1255
1622079,M,2021,22,13.065299999999999,3762,27.2,1,665
1622079,M,2021,23,23.025,6670,46.9,3,925
1622079,M,2021,24,12.436399999999999,4255,269.2,1,666
1622079,M,2021,28,33.6094,9853,66.5,3,1727
1622079,M,2021,29,38.7365,11491,59.400000000000006,3,1845
1622079,M,2021,30,28.4269,8329,99.7,2,1394
1622079,M,2021,31,49.9275,14956,149.1,5,2340
1622079,M,2021,32,54.513999999999996,16733,224.6,3,2504
1622079,M,2021,33,41.421099999999996,11925,83.19999999999999,2,2073
1622079,M,2021,34,52.524,15458,119.5,3,2527
1622079,M,2021,35,27.458,8076,38.099999999999994,2,1394
1622079,M,2021,36,56.9689,16810,87.6,4,2644
1622079,M,2021,37,56.816900000000004,16602,64.5,4,2700
1622079,M,2021,38,45.4541,13529,78.9,4,2232
1622079,M,2021,39,62.0754,18147,101.6,4,3102
1622079,M,2021,40,44.875299999999996,13097,141.1,4,2170
1622079,M,2021,41,24.150399999999998,6686,86.8,3,1165
1622079,M,2021,42,52.7893,14885,143.5,2,2533
1622079,M,2021,43,24.0882,7071,97.5,2,1264
1622079,M,2021,44,35.209599999999995,10665,95,3,1838
18961285,M,2019,1,4.203,1106,247,1,337
18961285,M,2019,0,9.911,2580,378,1,803
18961285,M,2019,6,19.393,6340,1011,3,1595
18961285,M,2019,7,24.223,7685,1721,2,1844
18961285,M,2019,3,64.391,11244,9439,1,5236
18961285,M,2019,5,11.262999999999998,2887,370.8,2,925
18961285,M,2019,8,10.305,2440,45,1,819
18961285,M,2019,14,7.186,1757,220,1,575
18961285,M,2019,9,6.717,1699,190,1,540
18961285,M,2019,16,0.293,82,0,1,26
18961285,M,2019,20,14.413,4549,758,2,1181
18961285,M,2019,15,8.1815,2812,152,1,817.7
18961285,M,2019,26,8.298,2535,473,1,899
18961285,M,2019,30,3.568,267,26,1,308
18961285,M,2019,31,27.714399999999998,5936,383.4,4,2356.8
18961285,M,2019,33,9.483,1112,354,1,638
18961285,M,2019,35,11.695,3943,343,2,862
18961285,M,2019,36,24.14,9559,1151,3,1997
18961285,M,2019,37,18.976,7879,646,2,1378
18961285,M,2019,38,8.704,4903,999,2,1120
18961285,M,2019,39,8.366,3041,441,1,660
18961285,M,2019,40,6.904,1947,179,1,445
18961285,M,2019,42,7.956,2293,70,1,529
18961285,M,2019,41,2.115,1166,90,1,592
18961285,M,2019,43,6.077,2223,242,1,501
18961285,M,2019,44,5.01,1438,114.4,1,331
18961285,M,2019,45,16.583,6640,882,2,1332
18961285,M,2019,47,8.854,2728,324.4,1,678
18961285,M,2019,51,5.259,1819,161,1,441
18961285,M,2019,48,22.266,13611,1974.6,2,3659
18961285,M,2020,5,14.838,5433,600,1,1257
18961285,M,2019,52,8.053,2588,365,1,645
18961285,M,2020,6,20.174,7216,723,2,1689
18961285,M,2020,12,6.274,471,388,1,407
18961285,M,2020,13,14.0138,6520,796.2,2,1774.1999999999998
18961285,M,2019,21,8.942,2012,49,1,706
18961285,M,2020,15,8.877799999999999,3596,585,1,1185.5
18961285,M,2020,16,6.5252,2758,351.8,1,814.2
18961285,M,2020,17,7.719,2705,198.7,1,777.6
18961285,M,2020,19,9.507,2210,628,1,1114
18961285,M,2020,20,36.2399,14606,1710.4,5,3330
18961285,M,2020,26,18.322,5106,480,3,1500
18961285,M,2020,27,19.957,8454,1104,2,1529
18961285,M,2020,28,14.063,9753,926,1,1017
18961285,M,2020,29,10.225,4057,842,1,727
18961285,M,2020,31,37.464,19394,2752,2,4058
18961285,M,2020,32,25.636,7505,1000,2,2040
18961285,M,2020,34,41.699,23040,2356,1,4719
18961285,M,2020,33,9.744,6253,773,1,1112
18961285,M,2020,35,6.9153,2590,247.4,1,758
18961285,M,2020,36,17.568,4999,457,1,1221
18961285,M,2020,37,19.2328,8729,667.5,2,1724
18961285,M,2020,39,12.244,3359,357,2,1022
18961285,M,2020,40,9.865,2626,275,1,818
18961285,M,2020,41,19.2881,6514,887.5,3,1899
18961285,M,2020,42,7.33,1856,253,1,598
18961285,M,2020,43,6.655,1988,279,1,523
18961285,M,2020,44,11.654,6652,606,1,933
18961285,M,2020,45,6.26,1438,51,1,517
18961285,M,2020,46,19.2,5943,684,3,1564
18961285,M,2020,47,8.548,2087,299,1,695
18961285,M,2020,48,17.9784,5925,739.7,2,1791.1
18961285,M,2020,50,8.441,2178,106,1,686
18961285,M,2020,52,13.585600000000001,5157,745.7,1,1664
18961285,M,2021,5,16.79,4495,399,2,1372
18961285,M,2021,6,6.933,1760,223,1,574
18961285,M,2021,7,7.555,1939,225,1,622
18961285,M,2019,12,13.585,4251,926,1,1167
18961285,M,2021,9,12.086,4612,386,1,983
18961285,M,2021,10,13.065999999999999,3388,421,2,1069
18961285,M,2021,11,10.256,2541,299,1,844
18961285,M,2021,12,9.483,3310,663,1,701
18961285,M,2021,14,7.653,2006,122,1,616
18961285,M,2021,19,18.6949,6874,944.5,2,2057.2
18961285,M,2021,20,5.26,2797,233,1,418
18961285,M,2021,25,11.9606,3500,54.2,2,1056.8
18961285,M,2021,8,3.343,998,0,1,322
18961285,M,2021,27,8.081,2324,306,1,654
18961285,M,2021,29,7.93,2226,313,1,654
18961285,M,2021,31,5.944,1771,166,1,488
18961285,M,2021,32,5.4764,2222,101.8,1,551.9
18961285,M,2021,33,7.139,2182,130,1,581
18961285,M,2021,34,9.864,3701,611,1,1059
18961285,M,2021,35,13.709,3651,475,2,1140
18961285,M,2021,37,2.779,904,36,1,282
18961285,M,2021,36,9.757,3081,449,1,766
18961285,M,2021,40,8.166,2229,278,1,663
18961285,M,2021,41,14.055,3785,458,2,1149
18961285,M,2021,43,9.351,2429,139,1,753
18961285,M,2020,14,13.2097,3486,707.7,2,1241.6
18961285,M,2019,13,13.906,3785,1433,1,1338
18961285,M,2021,26,15.863,4903,313,2,1288
9562515,M,2019,19,6.7352,2333,185.4,1,0
9562515,M,2019,20,15.549,6793,677.4,2,0
9562515,M,2019,28,29.791400000000003,16255,1658.1,2,0
9562515,M,2019,26,29.2783,16426,1585.7,2,0
9562515,M,2019,34,11.1311,6743,1016.8,1,0
9562515,M,2019,33,13.7247,5080,161.6,1,0
9562515,M,2019,43,6.8506,2545,177.7,1,0
9562515,M,2019,30,35.2513,13000,709.1,3,0
9562515,M,2019,45,12.898100000000001,4262,184.5,1,0
9562515,M,2020,16,4.915100000000001,1523,38.9,1,0
9562515,M,2020,18,10.289100000000001,3691,79.3,1,0
9562515,M,2020,24,5.3973,1735,39.1,1,0
9562515,M,2020,25,8.4967,2988,134.1,1,0
9562515,M,2020,26,14.5018,6828,719.9,1,0
9562515,M,2020,27,5.3292,1691,39.1,1,0
9562515,M,2020,28,10.6289,5930,922.9,1,0
9562515,M,2020,30,15.402,7413,953.9,1,0
9562515,M,2019,21,11.946,4786,414.9,1,0
9562515,M,2019,25,17.040499999999998,8474,778.3,2,0
9562515,M,2020,37,20.655500000000004,10381,1325.1,2,0
9562515,M,2020,39,11.81,5795,840.5,1,0
9562515,M,2020,40,7.2744,2300,168.3,1,0
9562515,M,2020,42,23.932000000000002,8588,711.8,2,0
9562515,M,2019,22,6.8892,1883,58.6,1,0
9562515,M,2020,44,15.451999999999998,4586,116.6,2,0
9562515,M,2020,45,5.3553999999999995,1531,39,1,0
9562515,M,2020,46,10.630799999999999,3255,77.6,1,0
9562515,M,2020,47,10.1113,3084,77.2,1,0
9562515,M,2020,43,34.4816,15253,1594.4,2,0
9562515,M,2020,52,10.734399999999999,3288,58.6,1,0
9562515,M,2021,6,7.8768,2401,85,1,0
9562515,M,2021,7,11.570200000000002,4170,293.6,1,0
9562515,M,2021,10,10.0526,3513,280.2,1,0
9562515,M,2021,11,8.0481,2692,246.8,1,0
9562515,M,2021,12,17.553,6382,457,2,0
9562515,M,2020,31,23.378500000000003,11364,1427.3,2,0
9562515,M,2021,19,5.2326999999999995,2279,42.5,1,0
9562515,M,2021,21,13.376900000000001,4822,16.2,2,0
9562515,M,2021,22,8.2986,2863,248.5,1,0
9562515,M,2021,23,24.294,6925,960.5,2,1431
9562515,M,2021,24,12.4535,5735,431.5,2,0
9562515,M,2021,25,21.1299,8646,700.2,2,0
9562515,M,2021,29,16.5215,6784,924.4,1,0
9562515,M,2021,13,18.4426,6831,459.20000000000005,2,0
9562515,M,2021,30,20.0908,7645,414.70000000000005,2,0
9562515,M,2021,28,17.055,6289,525.8,1,0
9562515,M,2021,27,26.3352,11248,1137.8,2,0
9562515,M,2021,26,10.3826,3915,313.7,1,0
9562515,M,2021,32,19.3598,6803,311.70000000000005,2,0
9562515,M,2021,33,13.5425,5332,567,1,0
9562515,M,2020,36,13.3423,5950,800.7,1,0
9562515,M,2021,35,21.6619,7406,979.5,2,0
9562515,M,2021,36,59.5927,24552,2863,3,0
9562515,M,2021,34,9.1373,3037,296.9,1,0
9562515,M,2020,48,9.910200000000001,3295,225.8,1,0
9562515,M,2021,37,14.023,4721,532.4,1,0
9562515,M,2021,40,19.2312,7933,928.6,1,0
9562515,M,2021,41,42.4624,15248,1496.3,3,0
9562515,M,2021,39,18.203,6034,296.2,2,0
9562515,M,2021,42,9.95,3266,253,1,0
9562515,M,2021,43,11.598600000000001,3878,335.3,1,0
9562515,M,2021,44,20.5516,6091,88,2,0
74771978,M,2021,0,8.5524,3224,143.8,1,0
74771978,M,2021,2,9.2597,3611,257.5,1,0
74771978,M,2021,3,28.431399999999996,11436,739.5999999999999,2,0
74771978,M,2021,5,15.938699999999999,5718,266.8,2,0
74771978,M,2021,6,23.099700000000002,9258,413.90000000000003,2,0
74771978,M,2021,1,8.5024,2981,144,1,0
74771978,M,2021,7,41.826800000000006,18871,1336.3,3,0
74771978,M,2021,8,22.3818,9236,435.6,2,0
74771978,M,2021,9,33.5328,12613,605.9,3,0
74771978,M,2021,10,21.862499999999997,8687,523.8,2,0
74771978,M,2021,11,33.1036,11758,540.5,3,0
74771978,M,2021,12,38.3241,15030,1014.4,3,0
74771978,M,2021,13,43.4491,16674,915.5999999999999,3,0
74771978,M,2021,14,26.2782,10391,754.1,2,0
74771978,M,2021,15,27.059900000000003,10441,697.5,2,0
74771978,M,2021,16,26.405299999999997,10818,936.7,2,0
74771978,M,2021,17,10.2275,4293,344.3,1,0
74771978,M,2021,18,24.001299999999997,9195,520.1,2,0
74771978,M,2021,19,18.7939,7637,645.8,1,0
74771978,M,2021,20,31.332299999999996,11850,780.9,2,0
74771978,M,2021,21,31.386200000000002,11767,700.5,3,0
74771978,M,2021,22,26.9034,9057,543.6,2,0
74771978,M,2021,24,22.183500000000002,8982,654.7,2,0
74771978,M,2021,23,36.8729,14707,1057.8,3,0
74771978,M,2021,25,16.709200000000003,6824,356.4,2,0
74771978,M,2021,26,13.5174,5347,306.2,1,0
74771978,M,2021,27,25.127000000000002,9458,495.5,2,0
74771978,M,2021,28,28.749499999999998,11342,862.3,2,0
74771978,M,2021,30,7.3307,2835,149.4,1,0
74771978,M,2021,32,33.06,11597,54.1,3,0
74771978,M,2021,33,13.4425,5641,448.2,1,0
74771978,M,2021,34,12.1226,4185,49.5,1,0
74771978,M,2021,35,15.5755,7544,1109.3,1,0
74771978,M,2021,37,21.3037,8583,702.6,2,0
74771978,M,2021,38,139.7112,45936,4034.9,3,0
74771978,M,2021,40,11.563799999999999,3533,43.4,1,0
74771978,M,2021,41,31.654899999999998,12188,670.8,3,0
74771978,M,2021,42,28.372099999999996,10866,570.8000000000001,2,0
74771978,M,2021,43,25.3429,9809,774.5,3,0
74771978,M,2021,44,33.606,13040,910.6,2,0
24304572,M,2020,46,7.7233,2815,23,1,0
24304572,M,2020,47,18.069000000000003,6096,50.3,2,0
24304572,M,2020,51,22.0025,7542,421.6,2,0
24304572,M,2020,50,15.547899999999998,5341,46.099999999999994,2,0
24304572,M,2020,48,23.2252,7957,70,3,0
24304572,M,2020,52,22.0313,7526,421.6,2,0
24304572,M,2020,49,36.0837,11971,98.7,4,0
24304572,M,2021,1,16.2439,5341,41,2,0
24304572,M,2021,2,16.3183,5321,41,2,0
24304572,M,2021,4,16.454300000000003,5356,41,2,0
24304572,M,2021,3,24.505499999999998,7908,61.5,3,0
24304572,M,2021,6,24.6084,8186,61.5,3,0
24304572,M,2021,9,24.6883,8241,61.5,3,0
24304572,M,2021,10,16.3793,5445,41,2,0
24304572,M,2021,11,8.2309,2777,20.5,1,0
24304572,M,2021,13,16.5264,5627,41,2,0
24304572,M,2021,5,16.426599999999997,5480,41,2,0
24304572,M,2021,15,8.203700000000001,2720,20.4,1,0
24304572,M,2021,35,8.5345,3140,10.8,1,0
24304572,M,2021,14,8.2073,2637,20.5,1,0
24304572,M,2021,7,24.6558,8264,61.5,3,0
24304572,M,2021,8,24.736800000000002,8231,61.5,3,0
14017745,F,2019,7,4.232,3282,351.7,1,162
14017745,F,2019,15,7.921,3522,465.5,1,428
14017745,F,2019,9,11.043,4947,625.8,1,574
14017745,F,2019,13,6.744,3201,346.4,1,361
14017745,F,2019,16,26.299599999999998,10241,619.5,2,537
14017745,F,2019,10,24.13,9287,971.6,2,1291
14017745,F,2019,17,14.92,6588,792.8,2,805
14017745,F,2019,18,14.745999999999999,5772,816,2,807
14017745,F,2019,19,22.987000000000002,9679,1252.4,2,1238
14017745,F,2019,20,22.246,8406,969.5,2,1217
14017745,F,2019,14,9.064,4700,610.4,1,485
14017745,F,2019,22,24.570500000000003,8689,765.7,2,1363
14017745,F,2019,21,19.314999999999998,8377,979.5999999999999,2,1029
14017745,F,2019,26,12.312,6714,860.1,1,654
14017745,F,2019,29,13.053,5187,648.6,2,715
14017745,F,2019,30,11.375,5033,636.7,1,590
14017745,F,2021,41,5.016,1324,15.6,1,400
14017745,F,2019,27,5.209,2134,230.6,1,279
14017745,F,2019,40,8.868,3640,498.2,1,639
14017745,F,2019,33,8.823,3900,431.8,1,487