user_id,sex,weight,activity_date,calories,average_cadence,average_temp,distance,elev_high,elev_low,max_heartrate,max_speed,moving_time,total_elevation_gain,average_speed,variance_speed,std_speed,average_heartrate,variance_heartrate,std_heartrate
18933919,M,67,2018-04-29T08:57:42Z,0,84.3,23,11124.7,722.2,683.8,177,4.5,3172,40,3.45,0.27,0.52,157.48,122.28,11.06
18933919,M,67,2018-02-15T09:43:20Z,0,82.5,undefined,18008.5,439.8,235.4,undefined,7.3,5015,220.8,3.57,0.17,0.41,0,0,0
18933919,M,67,2017-11-26T08:14:00Z,2704.2,82.2,undefined,27668.9,675.1,235.4,undefined,6.6,9098,1030.8,3.13,0.21,0.46,0,0,0
18933919,M,67,2017-10-23T11:18:50Z,2612.3,81.7,undefined,29510.5,675.1,235.4,undefined,4.7,9189,439.6,3.28,0.16,0.4,0,0,0
18933919,M,67,2017-11-29T17:45:30Z,755.8,82.6,undefined,9165.9,238.6,236,undefined,5.8,2687,0,3.4,0.15,0.39,0,0,0
18933919,M,67,2018-05-29T07:17:32Z,0,80.6,22,7817.5,508.4,505,174,3.8,2699,2,2.94,0.12,0.34,159.15,12.37,3.52
18933919,M,67,2017-10-21T12:51:19Z,0,82.6,undefined,14275.2,424.9,235.3,undefined,11.3,4177,364.9,3.44,0.05,0.23,0,0,0
18933919,M,67,2018-05-22T07:09:11Z,0,83,20,15367.2,628,565,179,4.6,4312,66,3.59,0.07,0.26,159.32,51.51,7.18
18933919,M,67,2018-01-27T15:03:13Z,0,82.9,undefined,15030,303.3,249.5,undefined,5.5,4316,104.2,3.54,0.25,0.5,0,0,0
18933919,M,67,2017-12-09T14:54:36Z,0,82.3,undefined,13085.9,440.9,235.3,undefined,12.8,4160,247.9,3.14,0.26,0.51,0,0,0
18933919,M,67,2018-01-01T14:38:51Z,0,81.5,undefined,9509.6,441.9,379.8,undefined,4.5,3139,181.7,3.06,0.07,0.26,0,0,0
18933919,M,67,2018-01-18T06:39:23Z,0,81.5,undefined,11950.9,291.5,251,undefined,4.8,3510,81.3,3.45,0.14,0.37,0,0,0
18933919,M,67,2018-01-14T14:19:30Z,0,82.3,undefined,11678.7,288.4,245.5,undefined,6.1,3353,102.2,3.58,0.29,0.54,0,0,0
18933919,M,67,2017-11-01T14:32:58Z,0,82.5,undefined,10364.1,238.7,235.7,undefined,6.3,2877,0,3.62,0.25,0.5,0,0,0
18933919,M,67,2018-05-01T06:12:21Z,0,83.4,15,7830.2,427.2,418,161,3.8,2863,3,2.76,0.06,0.25,141.7,78.6,8.87
18933919,M,67,2018-04-20T14:55:51Z,0,80.5,29,8793.8,678.2,655,178,4.6,2625,22,3.36,0.07,0.27,168.2,85.06,9.22
18933919,M,67,2017-10-18T08:50:11Z,816.2,83.1,undefined,9873.7,240.1,235.9,undefined,6.7,2736,3.6,3.69,0.31,0.56,0,0,0
18933919,M,67,2018-04-15T13:18:29Z,0,81.5,23,3452.9,699.2,639.6,179,4.2,1081,66,3.25,0.07,0.26,154.54,48.16,6.94
18933919,M,67,2018-04-23T09:06:48Z,0,84.5,24,8996,699.8,674.6,159,5.8,2521,26,3.6,0.09,0.3,145.05,44.63,6.68
18933919,M,67,2018-04-27T08:41:14Z,0,84.4,21,8827.7,726.4,693,165,5.4,2605,24,3.4,0.03,0.18,154.24,55.82,7.47
18933919,M,67,2018-01-11T05:30:50Z,0,80.5,undefined,11927.6,418.3,235.3,undefined,4.5,4000,326.3,3.04,0.15,0.39,0,0,0
18933919,M,67,2018-01-30T18:03:46Z,0,82,undefined,14015.4,424.9,235.4,undefined,5.5,3903,328.7,3.69,0.2,0.45,0,0,0
18933919,M,67,2018-05-28T08:25:29Z,0,83.1,21,15386.9,583.4,516.4,167,5.3,4275,66,3.61,0.04,0.21,157.65,10.41,3.23
18933919,M,67,2017-12-16T10:05:11Z,0,83.6,undefined,11576.3,287,251,undefined,8.5,3192,51.7,3.67,0.2,0.45,0,0,0
18933919,M,67,2018-06-05T04:05:45Z,0,81.8,19,8986.9,573.8,467.8,undefined,4.5,2894,121,3.15,0.12,0.35,0,0,0
18933919,M,67,2017-11-16T08:57:17Z,748.4,82.9,undefined,9050.5,238.8,236,undefined,6.8,2478,2.1,3.55,0.36,0.6,0,0,0
18933919,M,67,2018-01-06T14:49:23Z,0,81.2,undefined,19568.6,440.9,235,undefined,5.1,6282,600.1,3.17,0.2,0.45,0,0,0
18933919,M,67,2018-01-04T15:10:29Z,0,81.9,undefined,14548.6,424.9,235.4,undefined,6.7,4415,103.9,3.32,0.04,0.21,0,0,0
18933919,M,67,2017-10-15T11:36:53Z,883.4,64.1,undefined,5230.1,2426,1675.4,undefined,3.7,3615,822.7,1.52,0.12,0.35,0,0,0
18933919,M,67,2018-01-23T16:19:04Z,0,81.8,undefined,13001.5,296.9,251,undefined,6.5,3544,109.9,3.69,0.08,0.29,0,0,0
18933919,M,67,2017-10-26T15:34:09Z,0,82.4,undefined,11955,418,235.3,undefined,8.7,3381,71.4,3.6,0.23,0.48,0,0,0
18933919,M,67,2018-02-02T06:01:08Z,0,81.3,undefined,12369.3,417.6,235.4,undefined,4.5,3962,317.2,3.19,0.14,0.37,0,0,0
18933919,M,67,2018-05-11T06:16:57Z,0,84.1,16,11182.3,622.2,580.2,168,5.3,3091,40,3.68,0.17,0.41,152.86,59.38,7.71
18933919,M,67,2018-05-20T09:00:22Z,0,84.5,20,10765,613.2,575.6,174,5.2,2932,37,3.71,0.17,0.41,152.09,42.2,6.5
18933919,M,67,2017-12-06T15:28:55Z,0,82.3,undefined,9679.9,239.4,236,undefined,6.3,2602,6.1,3.74,0.12,0.35,0,0,0
18933919,M,67,2018-04-17T16:10:22Z,0,79.2,24,5705.1,652.8,642.2,160,5.8,1862,18,3.11,0.09,0.3,146.86,19.65,4.43
18933919,M,67,2018-02-05T14:49:33Z,0,82.2,undefined,11154.3,287,251,undefined,5.5,3174,72.1,3.52,0.26,0.51,0,0,0
18933919,M,67,2017-11-22T15:08:17Z,1177.4,82.9,undefined,14115.7,424.9,235.4,undefined,4.9,4118,106.9,3.5,0.13,0.36,0,0,0
18933919,M,67,2018-05-14T14:20:30Z,0,83.9,20,13704,653.2,598,182,4.6,3855,52,3.56,0.05,0.22,165.44,73.44,8.57
18933919,M,67,2018-01-21T11:58:33Z,0,82.8,undefined,25069.8,445,211.6,undefined,17.1,5395,346.9,5.45,11.5,3.39,0,0,0
18933919,M,67,2018-05-16T13:43:56Z,0,83.4,20,11012,626.6,581,179,4.7,3015,35,3.56,0.26,0.51,158.45,89.5,9.46
18933919,M,67,2017-11-11T09:10:20Z,1285.3,83.2,undefined,14271.7,424.9,235.4,undefined,11.5,4175,334.7,3.52,0.23,0.48,0,0,0
18933919,M,67,2017-10-09T15:53:46Z,827.1,83.3,undefined,10017.3,238.8,235.8,undefined,6.2,2772,4.6,3.56,0.28,0.53,0,0,0
18933919,M,67,2018-06-02T16:05:19Z,0,82.3,25,13896.7,537.6,485.4,179,5.4,3683,50,3.78,0.03,0.17,161.51,70.25,8.38
18933919,M,67,2018-01-26T06:05:16Z,0,81,undefined,11957.9,418.1,235.4,undefined,4.3,4033,323.1,3.05,0.22,0.46,0,0,0
18933919,M,67,2017-10-11T13:44:20Z,0,82.4,undefined,14579.8,424.9,235.4,undefined,5.8,4156,100.2,3.54,0.08,0.28,0,0,0
18933919,M,67,2018-04-13T15:33:23Z,0,79.3,23,3011.6,634,621.8,157,6.3,980,16,2.6,0.77,0.88,128.64,488.18,22.09
18933919,M,67,2017-12-13T07:48:53Z,0,82.3,undefined,28008.1,675.1,235.3,undefined,4.6,9123,662.8,3.1,0.13,0.37,0,0,0
18933919,M,67,2018-05-18T07:50:23Z,0,83.8,19,8026.2,573.2,571.4,163,4.2,2710,1,2.98,0.35,0.59,150.39,10.45,3.23
18933919,M,67,2018-05-31T17:37:30Z,0,83.6,20,11004.5,542.6,500.2,undefined,5.7,2919,35,3.79,0.13,0.36,0,0,0
18933919,M,67,2017-10-30T15:07:35Z,1197.1,82.6,undefined,14397.4,424.9,235.4,undefined,4.7,4142,104.6,3.53,0.09,0.3,0,0,0
18933919,M,67,2017-11-07T15:30:22Z,1262.3,83.4,undefined,14263.5,424.9,235.4,undefined,5.7,3991,301.1,3.63,0.11,0.33,0,0,0
18933919,M,67,2018-05-07T14:15:23Z,0,84.1,31,7961.3,612.6,606.6,183,4.1,2595,16,3.12,0.18,0.42,160.77,114.19,10.69
18933919,M,67,2017-11-03T13:54:06Z,0,82.1,undefined,14456.9,424.9,235.4,undefined,4.5,4288,103.6,3.41,0.06,0.25,0,0,0
18933919,M,67,2018-02-08T08:56:03Z,0,83.1,undefined,20194.9,440.8,235.4,undefined,5.1,5710,561,3.62,0.2,0.45,0,0,0
18933919,M,67,2018-05-05T17:52:03Z,0,84.3,24,10304.8,387.4,374.2,168,4.9,2762,13,3.7,0.11,0.34,156.31,45.32,6.73
18933919,M,67,2018-06-05T17:59:15Z,0,80.7,23,7676.1,476,468.8,175,4.6,2479,1,3.23,0.56,0.75,142.01,185.41,13.62
18933919,M,67,2018-06-07T09:56:21Z,0,79.7,26,9499.4,708.4,459.2,undefined,4.6,3706,279,2.67,0.19,0.43,0,0,0
18933919,M,67,2018-06-09T09:07:31Z,856,83.6,26,13628.9,525.4,471.8,undefined,5.6,3772,55,3.63,0.09,0.3,0,0,0
18933919,M,67,2018-06-10T11:15:40Z,960,82.2,29,16416.3,530.4,462.8,171,5.8,4653,86,3.53,0.03,0.18,155.93,81.91,9.05
18933919,M,67,2018-02-11T09:00:35Z,0,82.2,undefined,15008.1,302,249.1,undefined,4.8,4173,110.8,3.58,0.32,0.57,0,0,0
18933919,M,67,2017-12-04T14:40:25Z,0,83.3,undefined,14147.7,424.9,235.4,undefined,5.3,4027,226.8,3.56,0.11,0.33,0,0,0
18933919,M,67,2017-10-07T13:24:07Z,0,81.5,undefined,12154.4,441,235.4,undefined,5.8,3741,367.2,3.33,0.16,0.4,0,0,0
18933919,M,67,2017-11-19T08:22:45Z,0,82.1,undefined,21145.5,675.1,235,undefined,4.8,7364,936.1,2.92,0.14,0.38,0,0,0
18933919,M,67,2018-06-21T16:47:40Z,815,82.4,29,13730.9,523.6,469,161,4.3,4011,55,3.43,0.02,0.16,149.97,71.09,8.43
18933919,M,67,2018-06-26T10:06:02Z,644,82.2,28,10574.8,487,446.4,181,4.9,2826,82,3.76,0.07,0.26,165.02,67.27,8.2
18933919,M,67,2018-06-26T17:08:07Z,435,82.9,27,7694.5,469.4,465,174,5.6,2065,12,3.73,0.16,0.4,157.55,71.03,8.43
18933919,M,67,2018-06-28T10:20:11Z,569,81.5,29,9500.7,674.4,463.4,171,5.9,2831,220,3.46,0.23,0.48,153.85,127.6,11.3
18933919,M,67,2018-06-14T09:57:47Z,568,83.8,24,11213.8,491.4,452.8,159,4.8,2939,58,3.83,0.06,0.25,146.93,44.69,6.69
18933919,M,67,2018-06-14T17:27:39Z,607,84.3,22,11363.9,514.6,471.4,160,4.6,3063,44,3.71,0.05,0.23,147.7,20.33,4.51
18933919,M,67,2018-06-16T08:05:07Z,625,84.3,26,8525.9,462.4,459.4,177,4.8,2785,1,3.14,0.35,0.59,160.39,100.31,10.02
18933919,M,67,2018-06-17T09:19:41Z,1010,85.1,25,17237.8,539.2,469,173,6.2,4533,71,3.82,0.04,0.21,161.03,66.96,8.18
18933919,M,67,2018-06-19T18:08:35Z,586,84.3,25,11729.9,508,470.4,162,5.3,3104,37,3.8,0.09,0.3,146.54,29.79,5.46
18933919,M,67,2018-06-28T18:03:22Z,459,83.3,26,7086.2,473.4,467.2,163,4.4,2351,10,3.15,0.31,0.55,147.29,60.87,7.8
18933919,M,67,2018-06-23T15:25:05Z,780,83.6,27,13793.2,521.8,465.2,175,5.6,3656,56,3.79,0.06,0.25,158.02,161.31,12.7
18933919,M,67,2018-06-24T09:48:01Z,631,83.1,24,9866,657.6,600,undefined,5.3,2922,157,3.42,0.12,0.35,0,0,0
18933919,M,67,2018-07-04T16:24:40Z,980,83.1,29,16457.9,550.4,447.8,179,5,4472,202,3.69,0.11,0.33,161.22,132.95,11.53
18933919,M,67,2018-07-08T08:21:58Z,1142,84,27,19013.3,545,440.8,183,4.9,5066,136,3.79,0.11,0.33,163,127.03,11.27
18933919,M,67,2018-07-23T16:25:27Z,835,84.2,29,14215.3,462.6,367.4,169,6,3924,84,3.58,0.1,0.31,153.39,121.32,11.01
18933919,M,67,2018-07-28T08:49:51Z,744,85,25,14018.4,331.8,314.2,173,5.5,3698,0,3.8,0.13,0.36,150.04,152,12.33
18933919,M,67,2018-07-31T18:10:31Z,827,84.5,29,14108.8,441,343,180,5.2,3703,75,3.74,0.15,0.39,163.02,225.12,15
18933919,M,67,2018-07-02T17:16:03Z,494,81.9,29,8596.3,674,501.6,170,4.5,2718,233,3.2,0.08,0.29,141.73,164.6,12.83
18933919,M,67,2018-07-06T15:55:18Z,754,83.8,28,13038.2,539.6,435.4,178,5.6,3565,129,3.71,0.14,0.37,158.4,189.3,13.76
18933919,M,67,2018-07-10T16:52:24Z,625,83.5,28,11076.9,437.8,426.8,179,5.9,2811,5,4.02,0.15,0.39,162.37,214.9,14.66
18933919,M,67,2018-07-15T10:23:06Z,748,85.8,29,13225.2,532.8,427.2,179,5.9,3533,135,3.74,0.24,0.49,157.19,143.63,11.98
18933919,M,67,2018-07-17T16:27:48Z,845,83,30,14129.4,522.8,420,179,5.1,3858,124,3.63,0.11,0.33,158.94,237.53,15.41
18933919,M,67,2018-07-12T16:45:17Z,492,81.7,26,9924.2,772,520.4,158,5.5,3252,355,3.09,0.1,0.32,132.99,61.86,7.87
18933919,M,67,2018-07-21T08:52:15Z,744,84.5,26,12870.3,395.2,388.4,178,5.3,3288,1,3.94,0.1,0.31,163.3,106.63,10.33
18933919,M,67,2018-08-14T16:20:53Z,903,85.7,26,16092,444.6,343.2,171,5.3,4139,79,3.84,0.24,0.49,156.6,143.95,12
18933919,M,67,2018-08-16T16:22:24Z,581,83.3,27,9534.5,444.2,366.4,162,4.4,3630,70,2.73,0.28,0.53,135.16,65.71,8.11
18933919,M,67,2018-08-19T08:35:08Z,373,84,25,6565.7,518.6,375.4,162,4.8,2063,191,3.24,0.1,0.32,138.33,102.33,10.12
18933919,M,67,2018-08-21T16:24:29Z,935,86.3,28,16120.6,387.4,281.2,173,5.6,4109,123,3.88,0.26,0.51,163.76,95.05,9.75
18933919,M,67,2018-08-25T08:06:18Z,696,87.5,22,13007,309.8,297,178,5.7,3390,8,3.86,0.1,0.31,154.15,84.86,9.21
18933919,M,67,2018-08-28T10:35:31Z,368,84.5,29,6418.5,392.2,332,175,5.5,1639,63,3.92,0.11,0.33,158.26,43.57,6.6
18933919,M,67,2018-08-02T17:33:00Z,749,83,30,12008.6,549.2,384,173,4.4,3981,251,3.1,0.18,0.42,148.1,56.61,7.52
18933919,M,67,2018-08-04T06:59:44Z,765,85.2,27,13746.7,328.6,321.8,173,5.7,3600,2,3.83,0.07,0.26,157.98,74.9,8.65
18933919,M,67,2018-08-09T16:43:00Z,651,85.5,22,12396.1,342.2,335.6,177,4.8,3216,2,3.89,0.05,0.22,150.07,133.6,11.56
18933919,M,67,2018-08-18T08:11:45Z,716,87.2,24,13519.2,296.2,288.8,168,5.7,3448,8,3.93,0.1,0.32,150.82,49.09,7.01
18933919,M,67,2018-08-07T16:29:04Z,902,85,31,16009.6,454.4,359.2,175,5.1,4206,72,3.85,0.1,0.31,158.58,164.84,12.84
18933919,M,67,2018-08-11T07:28:04Z,628,87.2,21,12132.5,313.8,306.6,165,6,3117,2,3.88,0.14,0.38,148.66,32.23,5.68
18933919,M,67,2018-07-12T10:01:53Z,649,80.5,29,9657.7,679.8,431.2,169,4.8,3115,363,3.3,0.53,0.73,154.33,49.05,7
18933919,M,67,2018-09-04T10:10:46Z,446,85,27,7552.9,472.6,348.2,177,6.1,1889,130,4.06,0.12,0.35,164.67,79.8,8.93
18933919,M,67,2018-09-04T16:21:27Z,458,84.9,25,8018.4,328,320.2,174,7.3,2142,7,3.77,0.15,0.39,155.09,126.26,11.24
18933919,M,67,2018-09-06T10:09:19Z,400,85.6,21,8043.4,452.2,326.4,178,7.7,2066,133,3.99,0.22,0.47,145.2,322.62,17.96
18933919,M,67,2018-09-06T17:13:00Z,364,84.2,21,7337,537.2,401.4,159,6.2,2008,178,3.72,0.15,0.38,137.07,100.44,10.02
18933919,M,67,2018-09-13T14:47:54Z,733,83.8,30,11952.3,708.6,377.2,173,5.9,3730,393,3.27,0.18,0.42,147.25,184.54,13.58
18933919,M,67,2018-09-15T09:13:24Z,636,86.2,23,13111.4,324.2,315.4,164,6.1,3265,13,4.01,0.08,0.28,145.27,37.95,6.16
18933919,M,67,2018-09-18T10:14:42Z,520,85.4,29,9015.2,479.2,352.2,172,5,2292,130,4.04,0.16,0.41,159.93,54.71,7.4
18933919,M,67,2018-09-18T17:31:14Z,530,86.2,24,10805.1,337.2,327,161,5.8,2823,3,3.85,0.12,0.34,141.49,62.53,7.91
18933919,M,67,2018-09-20T17:19:02Z,629,85.1,24,12367.5,317.8,310,161,5.4,3023,7,4.08,0.07,0.27,148.58,127.64,11.3
18933919,M,67,2018-08-28T17:38:02Z,510,86,26,8930.6,322.2,314.8,180,5.8,2249,7,3.99,0.08,0.29,160.78,32.45,5.7
18933919,M,67,2018-09-22T08:11:46Z,1094,83.8,21,19009.4,511.4,284.8,169,5.2,5558,363,3.46,0.1,0.31,147.67,65.49,8.09
18933919,M,67,2018-08-30T16:36:26Z,798,86.2,21,14011.5,319.6,311.4,178,5.4,3271,8,4.36,0.09,0.3,169.16,66.71,8.17
18933919,M,67,2018-09-08T08:57:03Z,791,87.1,24,13994.4,305,295.4,174,5.5,3502,6,4.02,0.09,0.3,159.54,40.2,6.34
18933919,M,67,2018-09-01T09:05:17Z,583,83.5,23,11897.7,313.6,306,172,6.4,3564,9,3.38,0.2,0.45,139.44,55.8,7.47
18933919,M,67,2018-10-05T15:23:19Z,294,82.8,26,4550.6,437.2,360.6,160,4.6,1363,79,3.35,0.05,0.21,147,17.06,4.13
18933919,M,67,2018-10-06T13:57:44Z,405,84.8,28,6722.2,315.4,299,175,7.4,1701,15,3.95,0.1,0.31,161.88,61.4,7.84
18933919,M,67,2018-10-07T06:31:54Z,1066,87.6,16,21127.5,305.6,283.2,172,5.7,4866,56,4.36,0.02,0.14,156.04,51.77,7.2
18933919,M,67,2018-10-11T15:58:04Z,623,82.2,23,9233,463.6,379.6,179,4.7,2589,98,3.54,0.14,0.37,163.48,73.04,8.55
18933919,M,67,2018-10-16T15:40:31Z,680,85.7,21,12034.2,434.8,426.4,179,5.1,2789,6,4.3,0.04,0.21,168.78,95.65,9.78
18933919,M,67,2018-10-18T16:46:37Z,745,83.9,19,12316.6,520.6,415,178,5,3238,120,3.77,0.06,0.24,159.65,111.29,10.55
18933919,M,67,2018-10-20T08:17:24Z,1127,86.1,19,19542.3,489.8,321.6,179,4.9,4797,141,4.09,0.14,0.37,164.89,102.57,10.13
18933919,M,67,2018-10-23T10:08:04Z,527,85.3,18,10371.3,513.8,378.4,168,5.4,2491,140,4.17,0.11,0.33,148.7,67.13,8.19
18933919,M,67,2018-10-23T16:00:53Z,279,83.5,17,5785.5,609.8,462.6,144,4.8,1677,179,3.52,0.19,0.43,129.91,85.26,9.23
18933919,M,67,2018-10-25T10:06:55Z,424,82.1,21,6631.2,435.2,374.2,163,5.3,2073,64,3.47,0.58,0.76,145.94,93.82,9.69
18933919,M,67,2018-09-25T17:06:01Z,754,86.1,20,13773,320.8,308.6,179,6.1,3377,3,4.09,0.07,0.27,158.17,127.52,11.29
18933919,M,67,2018-09-26T16:31:52Z,320,82.5,23,6671,415.6,344.8,147,4.8,1943,77,3.44,0.03,0.17,129.37,74.19,8.61
18933919,M,67,2018-10-02T16:55:42Z,491,84.7,17,9792.4,355.6,346.2,164,5.5,2548,5,3.86,0.13,0.35,144.2,43.98,6.63
18933919,M,67,2018-09-29T08:14:39Z,1110,84.5,22,18591.5,672.2,358.2,176,6.1,5405,355,3.5,0.16,0.4,152.78,104.56,10.23
18933919,M,67,2018-09-27T16:17:12Z,765,86.3,23,16246.3,421.2,317.8,161,6.9,4015,127,4.05,0.19,0.43,146.04,26.42,5.14
18933919,M,67,2018-09-11T15:19:36Z,924,87,30,16131.2,405.8,304.8,175,5.5,4084,131,3.91,0.27,0.52,159.74,146.58,12.11
18933919,M,67,2019-01-01T10:44:17Z,789,84.3,17,11513.2,291.8,175,189,4.7,3207,132,3.6,0.06,0.24,167.44,175.65,13.25
18933919,M,67,2019-01-03T11:08:30Z,554,85.1,14,9524.7,327.2,184.4,166,4.7,2514,156,3.8,0.05,0.23,154.41,45.92,6.78
18933919,M,67,2019-01-05T15:10:56Z,715,85,16,12320,171.8,157,176,5,3037,22,4.05,0.08,0.29,165.08,165.59,12.87
18933919,M,67,2019-01-08T16:35:11Z,783,82.7,16,12211.8,312.8,219.2,undefined,4.5,3282,134,3.72,0.06,0.24,0,0,0
18933919,M,67,2019-01-09T10:45:58Z,822,85.2,10,15151.5,212,200.4,170,5.3,3857,20,3.96,0.07,0.27,153.48,53.58,7.32
18933919,M,67,2019-01-06T11:56:29Z,584,82.9,14,10009.3,283.8,193.4,171,5,2790,114,3.51,0.1,0.31,150.75,157.77,12.56
18933919,M,67,2019-01-13T10:26:29Z,396,82.6,19,7034.7,357,270.4,176,4.4,2214,161,3.14,0.06,0.25,140.91,129.45,11.38
18933919,M,67,2019-01-12T09:08:24Z,986,86.2,10,17027.2,217.8,197.8,185,5.2,4057,28,4.12,0.28,0.53,172.78,90.78,9.53
18933919,M,67,2019-01-15T17:26:42Z,666,83.3,15,12383.6,224.2,213.6,163,4.5,3258,10,3.79,0.06,0.24,149.71,95.29,9.76
18933919,M,67,2019-01-10T16:24:49Z,629,82.6,13,10110.4,216.8,206.2,178,5,2755,20,3.6,0.11,0.33,160.46,96.87,9.84
18933919,M,67,2019-01-18T16:31:35Z,488,82.2,15,9201.1,458.8,251.6,168,4.1,2801,241,3.29,0.1,0.32,138.67,136.88,11.7
18933919,M,67,2019-01-16T11:25:07Z,248,64.6,21,4499.2,276.2,232.2,144,3.1,2612,43,1.78,0.22,0.46,93.81,459.78,21.44
18933919,M,67,2019-01-16T17:23:02Z,803,85.2,10,17595.8,232.2,219.6,163,6.2,4367,15,4.06,0.13,0.36,147.35,37.94,6.16
18933919,M,67,2019-01-19T11:04:14Z,1062,85.5,11,18149.9,223.8,200.6,183,5.3,4406,43,4.11,0.14,0.37,169.79,75.1,8.67
18933919,M,67,2019-01-20T11:09:53Z,441,82.4,14,8009.2,358.2,260.2,160,4.8,2368,158,3.29,0.26,0.51,141.59,44.04,6.64
18933919,M,67,2019-01-23T11:20:24Z,610,82.8,15,10701.4,298,225.2,165,4.9,2890,118,3.74,0.1,0.32,151.18,25.23,5.02
18933919,M,67,2019-01-24T11:22:13Z,590,84.7,17,11295.2,284.2,188,164,5,2822,135,4.06,0.11,0.33,149.79,15.22,3.9
18933919,M,67,2019-01-27T10:52:36Z,476,82.8,16,8501.1,309.8,253.6,157,4.7,2458,97,3.47,0.05,0.23,141.54,100.09,10
18933919,M,67,2019-01-26T10:25:32Z,1150,85.5,11,21707.5,291.6,181.6,174,5.1,5395,56,4.04,0.07,0.26,154.74,105.43,10.27
18933919,M,67,2019-01-29T17:08:07Z,965,84.3,12,17058.1,236.2,215.4,176,5.7,4486,28,3.73,0.2,0.44,156.93,45.6,6.75
18933919,M,67,2019-01-22T17:11:30Z,1027,83.9,12,20520.2,233.8,216.4,177,5.4,5102,29,4.05,0.13,0.37,154.3,125.35,11.2
18933919,M,67,2019-01-31T10:56:06Z,524,82.2,18,10449.5,407.4,226.2,155,4.3,3757,212,2.81,0.04,0.2,125.47,89.26,9.45
18933919,M,67,2019-02-03T10:02:47Z,525,82.5,15,11469.1,303.4,202.4,158,6,3413,112,3.35,0.07,0.27,134.14,49.95,7.07
18933919,M,67,2019-02-02T09:16:13Z,1483,84.4,14,26350.2,233.6,204.6,175,5.1,6516,34,4.04,0.05,0.23,161.94,47.64,6.9
18933919,M,67,2019-02-05T15:32:13Z,727,83.3,12,12410.3,195,180,174,5.3,3114,27,3.97,0.07,0.26,161.45,127.88,11.31
18933919,M,67,2019-01-30T17:40:03Z,657,83.6,16,11884.5,325.6,227.8,171,4.8,3094,101,3.86,0.06,0.25,150.27,140.19,11.84
18933919,M,67,2019-02-08T16:15:44Z,551,81.6,14,11101.1,191.4,183.2,149,4.3,3187,21,3.45,0.03,0.18,135.56,9.18,3.03
18933919,M,67,2019-02-06T16:23:08Z,0,85.3,12,20428,200.6,186.6,167,5,4993,18,4.09,0.25,0.5,154.91,26.83,5.18
18933919,M,67,2019-02-10T09:07:30Z,458,81.6,17,8534.6,366,292.4,155,4.6,2589,93,3.31,0.03,0.19,137.68,37.21,6.1
18933919,M,67,2019-02-21T10:59:00Z,669,81.6,19,8683.2,331.4,252.2,175,8,3065,101,2.94,0.26,0.51,154.77,43.89,6.62
18933919,M,67,2019-02-19T10:53:13Z,418,82.3,18,6529.7,330,259.6,undefined,4.5,2069,72,3.29,0.29,0.54,0,0,0
18933919,M,67,2019-02-23T15:17:43Z,763,84.1,16,13314.6,340,244.2,168,5.4,3483,142,3.8,0.16,0.4,153.28,28.9,5.38
18933919,M,67,2019-02-24T14:07:35Z,365,80.8,19,6767.6,332.2,282.8,150,5.5,2008,57,3.39,0.04,0.19,136,45.48,6.74
18933919,M,67,2019-02-27T11:16:33Z,523,84.8,19,10130.8,375.4,237.4,176,4.9,2506,122,4.07,0.11,0.33,151.19,60.42,7.77
18933919,M,67,2019-02-09T10:16:25Z,1351,85.7,14,24584,187.8,175.4,182,5.3,5964,29,4.15,0.15,0.39,164.35,219.06,14.8
18933919,M,67,2019-03-02T09:23:04Z,833,83.9,18,14165.7,242.2,221.8,175,4.9,3630,23,3.89,0.11,0.33,158.05,142.47,11.94
18933919,M,67,2019-03-03T15:31:20Z,588,83.4,19,11005.3,275.4,258.2,176,4.9,2854,22,3.79,0.55,0.74,151.14,280.81,16.76
18933919,M,67,2019-03-23T09:36:47Z,780,81.5,19,12006.5,404.4,386.6,undefined,4.2,3398,21,3.48,0.07,0.27,0,0,0
18933919,M,67,2019-04-12T16:48:02Z,588,77,15,5458.1,1119.2,428.6,172,3.6,3134,673,1.86,0.12,0.35,146.13,142.19,11.92
18933919,M,67,2019-04-17T17:57:53Z,496,77.5,18,5600.7,1094.6,417.4,158,3.6,3136,676,1.92,0.18,0.42,138.78,66.78,8.17
18933919,M,67,2019-03-01T11:52:55Z,637,83.9,16,11230.7,390.6,244,185,9.5,2850,176,4.03,0.18,0.42,156.4,156.61,12.51
18933919,M,67,2019-03-06T16:35:39Z,712,83.6,20,12153,321.8,309.6,175,9.9,2987,35,4.02,0.08,0.28,162.54,104.19,10.21
18933919,M,67,2019-03-09T10:28:51Z,797,84.3,17,14102.1,322,310,179,5.4,3452,15,4.08,0.09,0.3,161.44,143.26,11.97
18933919,M,67,2019-04-18T16:37:21Z,477,82.3,22,8256.1,721,457.8,176,3.8,2828,308,2.96,0.09,0.3,136.25,196.8,14.03
18933919,M,67,2019-04-27T08:52:26Z,653,86.2,18,12188.9,380,367.6,168,4.6,3124,17,3.88,0.1,0.32,152.87,76,8.72
18933919,M,67,2019-04-30T13:25:35Z,681,84.7,23,11267.2,493,386.2,177,5.3,3046,129,3.68,0.15,0.39,161.09,104.06,10.2
18933919,M,67,2019-05-05T09:40:18Z,633,84.1,15,12081.8,432.8,415.8,158,4.6,3247,34,3.72,0.03,0.18,146.78,15.79,3.97
18933919,M,67,2019-05-07T10:12:48Z,282,73.9,18,2803.3,1144.6,450,144,4.2,1826,694,1.56,0.02,0.15,127.22,7.49,2.74
18933919,M,67,2019-05-07T10:44:25Z,264,89.2,19,2863.2,1145,453.4,156,3.9,1294,0,2.26,0.07,0.26,143.73,27.35,5.23
18933919,M,67,2019-04-24T16:18:57Z,568,82.2,17,8890.6,629,441.2,167,6.6,2699,200,3.31,0.05,0.23,152.28,65.17,8.07
18933919,M,67,2019-04-22T14:02:42Z,660,82.9,26,12022.3,407.6,396.2,160,4.4,3351,16,3.57,0.01,0.11,148.71,57.21,7.56
18933919,M,67,2019-05-03T15:54:14Z,597,85.1,18,12092,421.8,410.2,159,5.2,3158,13,3.83,0.06,0.25,144.85,45.84,6.77
18933919,M,67,2019-05-01T15:05:17Z,482,84.2,23,9008,658.6,475.6,165,5.3,2645,191,3.38,0.08,0.28,141.13,163.51,12.79
18933919,M,67,2019-05-08T14:41:22Z,701,85.9,19,12421,525,440.6,172,5.2,3272,95,3.79,0.09,0.31,153.6,118.82,10.9
18933919,M,67,2019-05-11T09:12:10Z,666,88.3,21,12063.8,419.8,412.6,169,5.3,3057,10,3.89,0.11,0.32,154.09,75.7,8.7
18933919,M,67,2019-05-12T10:32:24Z,655,79,18,5561,1131,434.8,179,3.8,3256,696,1.85,0.19,0.43,151.59,126.03,11.23
18933919,M,67,2019-05-15T15:22:30Z,527,83.4,21,11611.3,408.4,399.8,149,4.2,3631,23,3.19,0.01,0.08,129.56,23.47,4.84
18933919,M,67,2019-05-18T08:09:12Z,947,86.7,20,16546.7,402.8,390.6,178,5.3,3991,15,4.14,0.06,0.25,166.23,58.16,7.63
18933919,M,67,2019-05-22T10:14:38Z,775,85.4,26,13412.3,536,401.6,175,4.9,3416,171,3.96,0.09,0.29,161.58,53.04,7.28
18933919,M,67,2019-05-19T09:04:27Z,510,83.8,18,8271.8,505.6,452.6,180,4.8,2597,97,3.21,0.17,0.41,144.85,56.85,7.54
18933919,M,67,2019-05-30T09:24:48Z,691,83.7,23,11992.5,799.4,457,170,4.7,3564,359,3.42,0.17,0.41,147.38,73.57,8.58
18933919,M,67,2019-05-25T09:14:10Z,883,86.3,21,16383.9,406.2,395.2,165,5.2,4027,11,4.08,0.12,0.35,155.44,36.42,6.03
18933919,M,67,2019-05-23T10:19:01Z,583,79.1,23,5559.1,1106.2,423.8,175,4.3,3052,657,1.97,0.21,0.45,145.16,97.9,9.89
18933919,M,67,2019-05-10T10:18:47Z,678,86,22,12549.3,572,438.6,166,6.1,3299,174,3.84,0.11,0.34,149.62,21.89,4.68
18933919,M,67,2019-05-31T07:23:44Z,712,86.2,20,12378,417.8,411,184,5.7,3148,14,3.95,0.16,0.41,158.94,138.65,11.78
18933919,M,67,2019-06-11T10:09:28Z,700,85.3,17,12510.9,566.8,471,172,5.9,3222,134,3.91,0.07,0.26,153.88,112.67,10.61
18933919,M,67,2019-06-09T09:02:29Z,718,84.9,17,12022.6,571.4,470.6,168,4.6,3187,105,3.7,0.14,0.38,156.3,54.47,7.38
18933919,M,67,2019-06-20T10:06:38Z,690,85.2,25,12405.2,615,482,172,4.8,3250,166,3.85,0.07,0.27,153.05,44.79,6.69
18933919,M,67,2019-06-28T04:30:31Z,714,84.7,24,12404.6,562.4,467.6,173,8,3231,90,3.84,0.05,0.23,154.33,86.11,9.28
18933919,M,67,2019-06-25T04:02:36Z,683,84.1,22,12029.6,575.6,476.6,175,4.9,3229,94,3.65,0.2,0.44,149.72,32.07,5.66
18933919,M,67,2019-06-08T10:01:47Z,654,86.1,23,12322.1,446.8,436.2,167,5.4,3076,15,4,0.12,0.35,151.99,71.25,8.44
18933919,M,67,2019-06-06T15:01:54Z,822,83.5,20,12614.5,909.4,479.8,170,5,3882,441,3.33,0.21,0.46,150.34,136.09,11.67
18933919,M,67,2019-06-18T16:37:14Z,899,83.6,26,12803.5,976,536,178,4.6,4088,454,3.24,0.29,0.54,154.57,84.21,9.18
18933919,M,67,2019-06-15T09:36:12Z,923,85.9,24,16585.4,495,482.6,184,5.5,4171,18,3.99,0.06,0.25,158.75,283.36,16.83
18933919,M,67,2019-06-13T10:18:43Z,762,85.5,26,12539.3,711.4,490.6,176,8.3,3427,277,3.7,0.11,0.34,160.64,114.2,10.69
18933919,M,67,2019-06-22T14:24:16Z,933,84.8,28,16527.4,473.8,459.4,180,5.1,4151,27,3.98,0.05,0.22,160.22,110.52,10.51
18933919,M,67,2019-06-04T16:54:57Z,970,84.9,28,16575,451.6,436.8,177,4.8,4126,18,4.02,0.02,0.13,161.88,210.59,14.51
18933919,M,67,2019-07-12T04:50:34Z,870,84.2,20,16373,259.2,209,180,4.7,4606,175,3.58,0.1,0.32,150.13,115.53,10.75
18933919,M,67,2019-07-10T07:07:58Z,752,83.1,23,12034.5,819.8,486.8,182,4.4,3822,361,3.2,0.12,0.35,147.13,188.49,13.73
18933919,M,67,2019-07-14T08:16:24Z,723,85.3,27,13285.4,400,324.6,180,5.4,3402,132,3.94,0.09,0.29,155.11,97.84,9.89
18933919,M,67,2019-07-16T04:40:47Z,757,85.1,15,13460.5,356.6,248.2,167,4.9,3556,120,3.84,0.14,0.37,150.44,133.12,11.54
18933919,M,67,2019-07-18T16:03:32Z,238,82.8,30,3802.4,504.4,467.4,undefined,4.6,1682,35,2.3,0.08,0.29,0,0,0
18933919,M,67,2019-07-04T05:14:17Z,714,85.4,22,12491.9,480.4,469,168,4.7,3221,4,3.92,0.08,0.28,154.73,60.05,7.75
18933919,M,67,2019-07-01T04:21:38Z,911,84.5,21,16456.3,460.2,442.4,181,5.3,4210,11,3.94,0.08,0.28,152.26,56.07,7.49
18933919,M,67,2019-07-09T05:30:25Z,985,84.6,22,16617.3,465,444.8,173,5,4263,11,3.9,0.03,0.19,158.57,86.73,9.31
18933919,M,67,2019-07-02T07:53:20Z,705,83.1,26,12054.9,843,505,162,4.4,3802,366,3.23,0.13,0.36,141.12,117.64,10.85
18933919,M,67,2019-07-06T05:24:11Z,857,85.3,23,16477.9,474.8,459.6,164,5.3,4235,14,3.91,0.1,0.31,148.05,38.99,6.24
18933919,M,67,2019-07-18T05:28:20Z,634,84.9,19,12175.9,427,408.2,158,5.8,3173,11,3.83,0.14,0.38,146.2,49.4,7.03
18933919,M,67,2019-07-22T05:02:05Z,774,82.7,23,12005.3,750.6,416.8,168,4.8,3802,356,3.22,0.18,0.43,145.78,191.05,13.82
18933919,M,67,2019-07-20T08:23:16Z,701,84.9,27,16142.7,399.2,386.4,161,5.6,4112,24,3.91,0.18,0.43,138.48,80.73,8.98
18933919,M,67,2019-07-25T08:11:18Z,544,82.5,30,10065,447.4,342.8,159,4.3,2984,127,3.35,0.03,0.17,138.36,77.37,8.8
18933919,M,67,2019-08-01T13:00:41Z,576,74.6,27,5496.6,936.8,263.6,178,3.3,3389,667,1.74,0.14,0.38,132.82,616.4,24.83
18933919,M,67,2019-07-28T09:57:58Z,488,86.4,20,10047.3,303.4,292,169,5.8,2292,9,4.28,0.14,0.37,151.04,36.93,6.08
18933919,M,67,2019-08-10T08:59:53Z,125,81.9,25,3001.8,172.4,168,145,4.4,875,5,3.46,0.1,0.31,119.86,146.02,12.08
18933919,M,67,2019-07-26T05:31:30Z,935,85.3,24,16856.9,355.8,334,179,5.4,4140,20,4.13,0.2,0.45,162.79,245.18,15.66
18933919,M,67,2019-07-30T05:32:16Z,719,82,20,12511.8,649.4,306.8,166,5.5,3903,369,3.29,0.21,0.46,141.77,56.23,7.5
18933919,M,67,2019-08-07T13:48:18Z,626,84.3,26,12360.9,175.8,166.8,163,5.8,3143,17,3.93,0.1,0.31,147.74,34.84,5.9
18933919,M,67,2019-08-04T08:40:16Z,707,81.8,26,12387.4,617.6,282.6,167,4.9,3890,363,3.28,0.22,0.47,145.72,92.91,9.64
18933919,M,67,2019-07-31T05:27:36Z,689,83.3,20,12492.9,253,244.2,169,5.9,3388,10,3.7,0.15,0.38,148.25,116.61,10.8
18933919,M,67,2019-08-06T08:28:15Z,890,83,28,15071.2,266.2,160.6,174,5,4109,143,3.62,0.09,0.3,155.52,125.99,11.22
18933919,M,67,2019-08-10T09:16:02Z,477,85.7,25,10020.8,171.4,165.2,161,5.4,2316,8,4.23,0.1,0.32,146.95,29.82,5.46
18933919,M,67,2019-07-24T05:28:34Z,628,84.3,22,12494.1,381.2,365.8,159,6,3274,10,3.82,0.08,0.28,143.79,89.98,9.49
18933919,M,67,2019-08-08T08:56:40Z,784,85.1,27,16036.7,175,165,180,5.7,3966,16,4.04,0.13,0.36,148.57,409.92,20.25
18933919,M,67,2019-08-03T08:28:01Z,752,84.5,25,16520,253.2,243,158,5.8,4074,19,4.07,0.14,0.37,144.22,58.99,7.68
18933919,M,67,2019-08-16T08:35:59Z,595,76.6,21,5643.7,1120.6,442,172,3.7,3169,674,1.9,0.17,0.42,143.01,233.86,15.29
18933919,M,67,2019-08-24T15:01:09Z,288,82.2,28,5535.9,512.8,461.4,147,5.2,1703,80,3.24,0.08,0.28,128.98,54.41,7.38
18933919,M,67,2019-08-23T08:11:56Z,663,82.9,23,9628.8,578.4,450.4,187,5,2770,158,3.49,0.07,0.27,159.52,101.16,10.06
18933919,M,67,2019-08-25T06:57:49Z,0,undefined,0,0.2,431.4,431.4,116,0.2,1,0,0.2,0,0,0,0,0
18933919,M,67,2019-08-29T08:03:30Z,697,82.5,26,12709.5,486.6,390.6,158,5.8,3489,124,3.65,0.08,0.28,142.51,115.48,10.75
18933919,M,67,2019-08-27T08:27:14Z,834,84.1,24,15014.3,500.8,397.8,167,5,3892,139,3.81,0.09,0.3,148.9,85.34,9.24
18933919,M,67,2019-08-13T08:49:36Z,445,81.8,24,9079.8,333.4,203.6,155,4.4,2762,150,3.29,0.07,0.26,128.24,127.31,11.28
18933919,M,67,2019-08-14T08:46:15Z,872,84.3,23,16527.8,169.4,156.6,181,5.5,4211,22,3.96,0.14,0.38,150.96,132.78,11.52
18933919,M,67,2019-08-17T08:28:31Z,943,85.1,25,16439,422.2,407.8,179,5.5,4077,16,4.06,0.13,0.35,160.25,145.73,12.07
18933919,M,67,2019-08-19T08:37:24Z,779,83.5,25,15104.6,514.8,415,159,4.8,4126,136,3.63,0.09,0.3,140.04,100.26,10.01
18933919,M,67,2019-08-21T08:43:24Z,847,85.4,21,16579.7,417.6,399,184,6,4172,19,4,0.15,0.39,148.3,86.23,9.29
18933919,M,67,2019-08-12T09:50:46Z,757,83,22,15014.2,270.8,167.8,156,4.4,4183,140,3.56,0.06,0.25,138.99,124.97,11.18
18933919,M,67,2019-08-28T09:07:05Z,615,83.8,22,12228.2,394.2,386.4,157,5.6,3154,10,3.89,0.15,0.39,142.03,41.61,6.45
18933919,M,67,2019-08-22T08:34:59Z,929,85.9,23,16836,413.4,397,181,5.2,4038,17,4.22,0.16,0.41,160.42,169.17,13.01
18933919,M,67,2019-08-28T16:35:51Z,618,85.1,24,11276.9,387,380.2,163,6.2,3024,17,3.76,0.2,0.44,145.21,50.6,7.11
18933919,M,67,2019-09-03T17:32:31Z,832,82.4,21,13143.7,457.6,371.6,182,5.3,3527,117,3.67,0.13,0.37,159.03,58.09,7.62
18933919,M,67,2019-09-06T17:31:52Z,690,82.3,18,13106.9,431.2,343.2,164,5.3,3501,115,3.71,0.05,0.22,143.97,54.12,7.36
18933919,M,67,2019-09-08T13:26:55Z,568,82.7,15,12573.8,431,335.2,156,4.4,3520,108,3.58,0.05,0.21,130.99,48.54,6.97
18933919,M,67,2019-09-01T08:42:42Z,644,82.6,27,12446.1,751.8,418.4,154,5.2,3729,361,3.42,0.24,0.49,135.05,60.39,7.77
18933919,M,67,2019-09-02T17:25:53Z,909,84.2,21,16794.5,380.8,370.6,183,5.7,4257,16,4.01,0.29,0.54,154.94,152.46,12.35
18933919,M,67,2019-09-07T08:37:30Z,1104,85.4,22,19208.5,331.4,316.2,188,5.5,4507,26,4.29,0.09,0.29,165.37,157.88,12.56
18933919,M,67,2019-09-04T17:04:14Z,810,83.5,23,18602.3,456.8,355.6,165,5.7,4836,128,3.89,0.25,0.5,140.57,100.26,10.01
18933919,M,67,2019-08-31T08:55:04Z,901,83.7,26,17314.6,489.6,383.8,172,5.3,4490,131,3.88,0.27,0.52,146.18,200.4,14.16
18933919,M,67,2019-09-09T17:04:00Z,854,83.6,17,14636.6,420.2,314,163,5.6,3820,129,3.83,0.07,0.26,151.21,46.95,6.85
18933919,M,67,2019-09-12T17:15:44Z,840,83,21,12504.4,356.4,270.6,185,5,3412,110,3.66,0.03,0.18,163.53,114.61,10.71
18933919,M,67,2019-09-15T06:56:54Z,969,85.9,23,15488.7,484.8,240.4,194,5.8,4127,571,3.95,0.67,0.82,163.05,318.56,17.85
18933919,M,67,2019-09-11T16:50:37Z,1297,83.7,20,28026.2,401,262.8,159,5.6,7305,115,3.85,0.22,0.47,142.72,78.42,8.86
18933919,M,67,2019-09-17T17:12:45Z,514,82.5,23,12420,310.6,214.6,148,6.1,3439,130,3.62,0.08,0.29,127.95,59.96,7.74
18933919,M,67,2019-09-16T17:08:25Z,738,82.3,24,12615.3,320,234.6,161,5.1,3484,104,3.62,0.03,0.18,150.41,65.05,8.07
18933919,M,67,2019-09-13T17:23:40Z,774,84.5,22,12205.4,245.4,236.4,undefined,5.5,3065,11,3.98,0.26,0.51,0,0,0
18933919,M,67,2019-09-14T08:45:28Z,476,83.5,23,7520.9,340.8,282.2,171,6,2114,85,3.57,0.18,0.43,156.07,55,7.42
18933919,M,67,2019-09-21T09:30:09Z,72,82.7,24,1626.4,180.8,177.6,143,4.2,473,4,3.53,0.07,0.27,121.86,19.61,4.43
18933919,M,67,2019-09-18T17:28:40Z,63,80.4,24,1010.2,300.2,267.2,88,3.7,308,0,2.74,0.29,0.54,78.4,19.36,4.4
18933919,M,67,2019-09-24T17:00:06Z,661,84.2,17,13018.3,269.2,175.4,165,5.7,3377,112,3.87,0.05,0.23,141.04,75.5,8.69
18933919,M,67,2019-09-26T10:17:17Z,329,84.3,23,5988.8,193.8,160.8,155,4.7,1576,35,3.83,0.09,0.31,141.59,33.79,5.81
18933919,M,67,2019-09-25T17:02:04Z,935,84.2,18,15515.5,256.6,155.6,168,4.9,4164,128,3.73,0.04,0.21,152.76,46.39,6.81
18933919,M,67,2019-09-27T16:33:13Z,617,84.1,23,12602.5,237.8,147.8,165,6.1,3317,111,3.82,0.11,0.34,136.19,133.61,11.56
18933919,M,67,2019-09-27T10:00:15Z,0,undefined,undefined,7000,undefined,undefined,undefined,0,2700,0,NaN,NaN,NaN,NaN,NaN,NaN
18933919,M,67,2019-09-26T16:51:13Z,651,85.5,21,12000.2,239.6,141.2,170,5.6,3057,115,3.99,0.25,0.5,147.33,258.01,16.06
18933919,M,67,2019-10-02T17:04:30Z,577,82.6,16,9243,210.4,82.2,160,4.2,2940,161,3.14,0.05,0.22,140.73,39.99,6.32
18933919,M,67,2019-09-28T06:53:30Z,1321,83.5,18,19835.1,233.6,130.4,199,4.7,5406,94,3.6,0.38,0.62,166.47,150.01,12.25
18933919,M,67,2019-10-03T10:02:29Z,622,82,20,7722.6,260.8,42.6,170,5.6,2657,223,3.04,0.32,0.57,155.25,27.34,5.23
18933919,M,67,2019-09-21T09:39:49Z,856,86.3,23,15784.5,188.4,171.2,176,5.2,3610,27,4.37,0,0.06,161.98,66.94,8.18
18933919,M,67,2019-09-29T08:49:39Z,669,84.5,21,12514.1,214.2,127,159,5,3236,110,3.88,0.07,0.26,145.06,67.96,8.24
18933919,M,67,2019-09-18T17:34:48Z,938,83.9,20,19563.5,291.4,189.6,166,5.8,5156,126,3.83,0.21,0.46,145.8,31.76,5.64
18933919,M,67,2019-09-20T18:12:03Z,694,83.9,22,13015.6,277.2,188.8,166,5.7,3318,111,3.94,0.05,0.23,148.96,85.74,9.26
18933919,M,67,2019-09-22T08:28:46Z,714,83.6,23,14441.3,296.4,189,158,4.8,4040,130,3.56,0.04,0.19,135.68,73.73,8.59
18933919,M,67,2019-10-01T16:37:41Z,802,84.2,21,14615.5,214.2,106,172,5.1,3831,103,3.84,0.19,0.44,147.52,102.14,10.11
18933919,M,67,2019-10-06T08:06:06Z,71,83.4,20,1268.9,-14.4,-20.4,127,4.9,459,5,2.85,0.02,0.13,119.91,0.28,0.53
18933919,M,67,2019-10-09T17:15:53Z,625,83.1,15,12571.4,148.8,57,162,4.9,3437,112,3.66,0.06,0.24,140.31,72.76,8.53
18933919,M,67,2019-10-10T17:14:32Z,568,84.8,15,12547.8,136.2,47.6,155,5.2,3163,112,3.97,0.05,0.23,135.56,67.94,8.24
18933919,M,67,2019-10-16T10:07:08Z,667,85.3,19,12107.6,188.4,51.2,167,5.8,3058,162,4,0.08,0.29,151.11,52.47,7.24
18933919,M,67,2019-10-17T10:16:09Z,598,85.4,20,11005.4,83.2,47.8,178,5.9,2646,47,3.99,0.54,0.74,152.62,112.74,10.62
18933919,M,67,2019-10-20T09:08:19Z,642,83.9,22,12528.7,159,68.6,156,5.1,3342,116,3.76,0.05,0.23,138.65,45.21,6.72
18933919,M,67,2019-10-24T10:13:24Z,635,83.9,20,12576.7,112.6,76.2,157,4.7,3235,46,3.9,0.05,0.22,139.12,65.64,8.1
18933919,M,67,2019-10-23T10:27:42Z,629,84,20,12121.5,235.6,79.4,157,5,3198,166,3.8,0.11,0.34,141.25,7.06,2.66
18933919,M,67,2019-10-28T17:18:12Z,830,81.3,17,12018.3,302.2,72.4,163,5.1,4545,268,2.64,0.18,0.43,139.72,204.88,14.31
18933919,M,67,2019-10-06T06:29:42Z,922,88.4,18,21207.8,-8.8,-26.4,171,7.4,4576,57,4.58,0.11,0.33,144.48,106.12,10.3
18933919,M,67,2019-10-08T09:52:16Z,617,83.7,20,10438.5,208.6,63,160,5.5,2965,150,3.54,0.08,0.28,144.69,32.64,5.71
18933919,M,67,2019-10-12T09:01:26Z,802,85,18,15492.6,129.6,32.2,169,5.5,3876,131,4.02,0.13,0.36,146,61.78,7.86
18933919,M,67,2019-10-13T08:23:46Z,659,84.2,20,12438.3,414.6,72.2,167,4.7,3708,369,3.43,0.2,0.45,133.32,204.67,14.31
18933919,M,67,2019-10-22T10:04:59Z,618,86,21,13123.8,101.8,72.2,163,6.3,3362,49,3.91,0.23,0.48,136.13,41.95,6.48
18933919,M,67,2019-10-19T08:29:01Z,939,85.7,21,16822.9,156,53.6,176,5.2,4172,136,4.06,0.15,0.39,153.09,240.97,15.52
18933919,M,67,2019-10-05T13:34:53Z,331,83.6,22,6095.1,-17.8,-22.8,154,4.7,1659,11,3.59,0.12,0.34,139.89,84.97,9.22
18933919,M,67,2019-10-26T08:18:37Z,1052,85.6,17,18020.2,159.8,52.2,188,5.4,4519,155,3.99,0.27,0.52,156.84,262.4,16.2
18933919,M,67,2019-10-27T09:03:58Z,855,83.8,18,12506,155,65.8,187,4.9,3424,112,3.66,0.06,0.24,160.95,198.72,14.1
18933919,M,67,2019-10-30T11:13:13Z,625,84.6,23,11416,198.6,49,162,5,3039,145,3.81,0.13,0.36,144.15,69.74,8.35
18933919,M,67,2019-11-06T11:05:09Z,647,84.7,17,12040.1,184.8,86.2,168,5.5,3074,124,3.84,0.15,0.39,147.11,17.87,4.23
18933919,M,67,2019-11-08T11:03:57Z,717,84.5,15,12120.8,188.4,79.4,177,5.9,3086,133,3.94,0.07,0.26,158.29,33.21,5.76
18933919,M,67,2019-11-13T11:14:28Z,703,84.9,16,12344.3,209.2,63.4,175,5.1,3210,150,3.89,0.11,0.33,152.17,53.06,7.28
18933919,M,67,2019-11-18T11:17:28Z,354,83.5,16,7195.5,107.4,59.2,143,4.6,2022,55,3.61,0.12,0.34,133.4,7.51,2.74
18933919,M,67,2019-10-31T11:07:51Z,746,85.1,17,14306.3,203.8,58.8,171,6.1,3924,245,3.71,0.27,0.52,141.25,93.17,9.65
18933919,M,67,2019-10-29T18:15:56Z,779,83.5,18,12598.2,149.8,57.8,169,5,3447,97,3.65,0.05,0.23,152.97,65.35,8.08
18933919,M,67,2019-11-02T09:30:06Z,814,86.2,17,16699.3,216.6,113.6,162,6,4067,136,4.14,0.2,0.44,144.5,82.73,9.1
18933919,M,67,2019-11-03T09:50:42Z,751,84.4,14,12032.3,455.4,131,173,5.2,3424,349,3.59,0.23,0.48,149.12,141,11.87
18933919,M,67,2019-11-17T08:46:23Z,1024,89.3,8,21218.4,40,30,185,5.8,4487,41,4.75,0.02,0.15,165.14,186.5,13.66
18933919,M,67,2019-11-14T11:04:32Z,758,84.6,14,12484.2,178.2,81,180,6,3242,131,3.87,0.06,0.24,157.76,37.72,6.14
18933919,M,67,2019-11-16T10:40:40Z,596,84.3,16,10106.5,184.4,92.4,165,5.2,2722,123,3.68,0.14,0.38,150.5,51.14,7.15
18933919,M,67,2019-11-10T10:18:14Z,773,83.9,16,13039.4,161,71,162,5,3532,118,3.68,0.07,0.26,150.59,64.96,8.06
18933919,M,67,2019-11-21T11:15:48Z,663,85.4,14,12421.4,156.4,56.6,162,5.6,3078,134,4.09,0.12,0.35,147.96,34.91,5.91
18933919,M,67,2019-10-29T11:06:18Z,700,85.5,23,13127.9,89.2,60.6,171,5.7,3357,43,3.92,0.32,0.56,145.15,49.47,7.03
18933919,M,67,2019-11-09T09:33:29Z,865,85.7,15,16748.9,166.8,59.8,171,5.5,4123,144,4.1,0.2,0.45,149.95,80.5,8.97
18933919,M,67,2019-11-07T11:06:53Z,841,84.4,14,13366.6,180,74.4,182,5.4,3449,156,3.92,0.12,0.34,162.02,54.66,7.39
18933919,M,67,2019-11-20T11:01:29Z,722,83.7,15,12314.2,165.8,62.6,166,7.8,3273,141,3.82,0.14,0.38,150.76,27.71,5.26
18933919,M,67,2019-11-05T11:08:37Z,751,85.8,19,15384,89,70.6,180,6.1,4016,46,3.84,0.28,0.53,143.39,71.4,8.45
18933919,M,67,2019-12-01T10:21:35Z,437,84.2,16,7457.3,103,49.2,175,5,1997,87,3.74,0.06,0.25,150.94,206.25,14.36
18933919,M,67,2019-12-08T09:31:59Z,762,85.2,17,12555.4,61,-29.8,169,5.1,3370,121,3.73,0.03,0.18,154.29,28.06,5.3
18933919,M,67,2020-01-07T11:20:24Z,433,79.8,13,7179.9,439.2,408.4,152,4.1,2431,42,3.26,0.47,0.69,139.09,144.49,12.02
18933919,M,67,2020-01-09T11:11:21Z,709,83.7,15,12197.7,443.4,413.8,162,4.3,3290,45,3.71,0.01,0.12,150.32,15.89,3.99
18933919,M,67,2020-01-06T11:26:24Z,609,83.1,14,11008.3,500.4,401.8,162,4.3,3128,150,3.53,0.03,0.16,143.18,59.66,7.72
18933919,M,67,2019-11-26T11:07:13Z,692,86.4,16,12390.3,81.4,10.8,164,5.3,3118,100,4.03,0.14,0.37,150.1,18.21,4.27
18933919,M,67,2019-11-27T11:14:00Z,764,85.7,16,12230.5,45.2,7,187,4.9,3082,40,3.99,0.06,0.25,161.74,128.73,11.35
18933919,M,67,2019-11-30T09:19:46Z,1078,85.4,14,20389.1,108.4,0,165,5,5147,148,3.95,0.08,0.29,148.52,65.06,8.07
18933919,M,67,2019-12-03T11:25:31Z,610,84,16,12093,141.2,-5.4,151,9.3,3824,158,3.13,0.08,0.28,133.9,18.51,4.3
18933919,M,67,2019-12-07T09:17:32Z,1218,87.7,14,19969.4,66.2,-41,205,8.8,4844,145,4.16,0.15,0.39,167.88,239.15,15.46
18933919,M,67,2019-12-10T11:15:32Z,628,85.3,15,12202.9,70.6,-26.8,160,5.8,3180,126,3.85,0.04,0.19,143.77,24.85,4.98
18933919,M,67,2019-12-14T10:20:17Z,1280,86.7,12,20039.3,536.6,434.8,undefined,5.8,4800,135,4.15,0.16,0.4,0,0,0
18933919,M,67,2019-12-19T11:08:18Z,0,undefined,undefined,11629.9,328.1,228.9,undefined,5.7,3473,128.8,2.86,0.02,0.14,0,0,0
18933919,M,67,2019-12-15T10:15:46Z,801,85.5,17,13197.6,547.2,425.8,184,5.1,3351,153,3.93,0.09,0.3,161.12,199.74,14.13
18933919,M,67,2019-12-18T11:11:01Z,724,84.9,19,13174.2,516.8,421.6,168,4.7,3410,135,3.88,0.03,0.17,149.84,25.84,5.08
18933919,M,67,2019-12-17T11:19:34Z,752,84.6,17,13112.1,529.2,437.8,164,5.5,3501,171,3.76,0.03,0.17,149.94,25.56,5.06
18933919,M,67,2019-12-21T10:41:40Z,1228,86.7,14,20507.8,524,412,185,6.1,4887,150,4.21,0.16,0.41,169.13,127.24,11.28
18933919,M,67,2019-12-05T11:15:57Z,784,85.7,12,14022.3,96.4,-9.2,173,7.9,3503,139,4,0.06,0.24,154.39,70.78,8.41
18933919,M,67,2019-12-12T11:15:33Z,791,85.9,15,14571.4,76.2,-22,167,5.5,3653,155,4.01,0.06,0.25,151.01,66.74,8.17
18933919,M,67,2019-11-23T09:34:50Z,1489,84.6,13,28505.7,137,17.8,179,4.5,7849,173,3.64,0.07,0.26,145.29,146.75,12.11
18933919,M,67,2020-01-12T09:21:55Z,576,86,13,9739.9,599,428.8,169,5.8,2631,197,3.75,0.14,0.37,151.73,79.05,8.89
18933919,M,67,2020-01-15T11:34:00Z,737,83.7,15,12467.7,440.8,408.2,163,4.3,3365,48,3.71,0.04,0.19,152.56,12.12,3.48
18933919,M,67,2020-01-22T11:15:15Z,601,83.6,16,10738.3,449.2,388.2,167,4.6,2939,119,3.67,0.03,0.18,144.75,45.29,6.73
18933919,M,67,2020-01-27T11:25:14Z,727,85.2,17,13359.4,537,445,174,5.7,3398,144,3.95,0.07,0.27,150.07,40.79,6.39
18933919,M,67,2020-01-14T11:21:29Z,768,84.4,15,13257.2,500.4,402.8,172,5.6,3436,145,3.87,0.07,0.26,155.49,30.62,5.53
18933919,M,67,2020-01-16T11:11:03Z,659,85.1,15,11242,509.4,404.2,166,5.5,2936,146,3.85,0.06,0.24,154.88,32.34,5.69
18933919,M,67,2020-01-21T11:09:47Z,751,85.6,12,13371.2,427.2,393.2,180,6,3374,64,3.95,0.12,0.35,155.58,185.85,13.63
18933919,M,67,2020-01-11T10:20:31Z,919,85.4,15,15746.9,486.6,391,174,4.7,4154,133,3.8,0.05,0.22,154.19,131.54,11.47
18933919,M,67,2020-01-19T10:26:58Z,531,85.2,14,10827.6,482.2,397.8,164,6.1,2832,124,3.84,0.07,0.27,139.6,182.94,13.53
18933919,M,67,2020-01-18T09:30:30Z,966,85.3,12,17679.2,493.4,384.6,187,4.9,4531,152,3.92,0.11,0.33,152.84,261.85,16.18
18933919,M,67,2020-01-30T11:16:10Z,818,85.8,13,12614.4,514.2,414.8,183,5.9,3426,147,3.7,0.07,0.27,161.07,35.67,5.97
18933919,M,67,2020-01-29T11:10:32Z,732,84.5,15,12257.3,522,421,182,16.3,3335,127,3.7,0.04,0.2,154.96,97.87,9.89
18933919,M,67,2020-01-28T11:18:30Z,715,86.3,16,13209.8,472.4,439.6,166,6.2,3355,61,3.93,0.09,0.31,149.98,54.18,7.36
18933919,M,67,2020-01-25T14:29:22Z,1143,84.7,12,20182.6,541,432.4,176,5,5151,154,3.92,0.04,0.2,154.21,61.23,7.83
18933919,M,67,2020-01-23T11:33:34Z,707,86.5,14,14344.2,464.2,421.4,179,5.9,3540,79,4.09,0.14,0.37,148.56,97.29,9.86
18933919,M,67,2020-02-03T11:52:16Z,706,85.8,19,12693,471.2,405,166,5.8,3243,111,3.94,0.07,0.26,151.86,29.17,5.4
18933919,M,67,2020-02-05T11:28:35Z,770,84.6,15,13306.4,446.8,347.4,164,5.8,3583,146,3.73,0.03,0.18,149.87,28.81,5.37
18933919,M,67,2020-02-08T08:52:25Z,1144,86.5,11,20060.3,438.4,332,172,6.3,4962,155,4.04,0.23,0.48,158.6,23.89,4.89
18933919,M,67,2020-02-06T11:12:46Z,726,86.1,14,13376.5,456,354.8,161,5.9,3507,150,3.83,0.07,0.27,146.63,50.99,7.14
18933919,M,67,2020-02-01T09:14:52Z,1155,86.8,13,22996.4,500,403.6,178,5.8,5607,133,4.14,0.15,0.39,153.81,60.99,7.81
18933919,M,67,2020-02-04T11:13:39Z,723,86.7,13,12230,384.6,346.6,170,7,3299,49,3.71,0.17,0.42,152.57,106.08,10.3
18933919,M,67,2020-02-10T11:25:31Z,747,85.3,20,13220.5,384.2,334.4,166,4.7,3652,86,3.64,0.13,0.37,147.3,32.75,5.72
18933919,M,67,2020-02-12T11:40:58Z,793,84.7,16,13309.2,404,306,185,5.3,3509,144,3.82,0.05,0.23,155.42,142.99,11.96
18933919,M,67,2020-02-18T11:18:00Z,824,84.9,17,13412.4,317.8,256,185,7,3683,98,3.66,0.15,0.38,154.24,56.68,7.53
18933919,M,67,2020-02-20T11:32:35Z,691,84.3,17,12227.3,366,267.6,159,4.6,3317,130,3.71,0.06,0.25,146.15,33.54,5.79
18933919,M,67,2020-03-02T11:14:46Z,609,85.9,18,13327.5,308,204.8,159,5.3,3645,133,3.68,0.1,0.32,136.1,40.21,6.34
18933919,M,67,2020-03-03T11:28:09Z,804,87,17,14900.6,211.6,191.8,185,6.3,3868,53,3.9,0.17,0.42,149.92,193.43,13.91
18933919,M,67,2020-02-11T11:27:44Z,796,85.2,15,14834.1,386.8,282.4,172,6.1,4244,217,3.54,0.15,0.38,142.93,49.4,7.03
18933919,M,67,2020-02-13T11:07:22Z,693,85.2,13,11801,429.2,321.2,168,5.6,3040,127,3.93,0.13,0.36,155.89,40.96,6.4
18933919,M,67,2020-02-19T11:10:21Z,798,86.2,12,15214.9,361.4,256.8,173,6.6,3678,154,4.15,0.05,0.23,152.9,61.63,7.85
18933919,M,67,2020-02-26T11:16:15Z,724,85.7,15,15065.7,364.4,243.6,163,5.8,3925,196,3.83,0.04,0.2,141.39,28.17,5.31
18933919,M,67,2020-02-25T11:06:49Z,833,84.9,17,15636,370.8,265.4,182,5.5,4122,157,3.83,0.09,0.3,148.07,59.27,7.7
18933919,M,67,2020-02-17T11:19:34Z,876,85,16,13185.7,364,263.8,179,5.1,3741,147,3.56,0.11,0.32,158.3,35.53,5.96
18933919,M,67,2020-02-09T09:04:02Z,809,84.7,15,12191.3,724,365,181,14.8,3712,393,3.38,0.22,0.46,151.09,269.05,16.4
18933919,M,67,2020-03-01T09:06:43Z,713,85.3,16,14327.2,324.6,197.4,158,4.8,3896,160,3.65,0.08,0.28,139.67,69.7,8.35
18933919,M,67,2020-02-15T08:18:46Z,1114,87.7,13,20414.1,420.6,315,185,6.1,5008,148,4.1,0.21,0.46,160.07,185.66,13.63
18933919,M,67,2020-02-29T08:02:57Z,1191,87.1,18,20859.3,306.4,189.8,184,6.1,5426,233,3.91,0.27,0.52,160.42,190.75,13.81
18933919,M,67,2020-02-16T08:20:05Z,719,84.7,13,13008.5,436.2,344,161,4.8,3584,138,3.64,0.05,0.22,144.53,18.55,4.31
18933919,M,67,2020-03-04T11:19:11Z,909,86.7,17,17278.6,219.8,182,188,6.3,4230,60,4.15,0.19,0.44,156.49,206.16,14.36
18933919,M,67,2020-03-07T09:49:57Z,1099,86.4,18,20424.7,276.2,170.4,175,6.4,5112,155,4.01,0.13,0.36,154.84,140.48,11.85
18933919,M,67,2020-03-05T11:39:10Z,915,84.4,18,13256.4,280,183.4,178,5.4,3665,148,3.63,0.04,0.21,165.22,49.27,7.02
18933919,M,67,2020-02-22T08:54:16Z,1625,87.4,15,27294,354,231,193,6.1,6683,151,4.11,0.3,0.55,170.38,103.33,10.17
18933919,M,67,2020-02-23T08:43:03Z,713,83.8,16,11505.4,641.6,289.2,172,4.3,3716,386,3.15,0.12,0.34,141.67,166.16,12.89
18933919,M,67,2020-03-10T11:09:17Z,839,86.8,14,16708.5,217.8,156,180,7.5,4375,92,3.89,0.3,0.55,148.66,51.85,7.2
18933919,M,67,2020-03-11T11:10:14Z,785,87.1,21,14614.8,222.4,168,182,6.3,3576,73,4.14,0.27,0.52,157.33,252.81,15.9
18933919,M,67,2020-03-12T11:08:36Z,592,84.2,21,12168.3,212.8,180.2,148,4.9,3345,45,3.65,0.03,0.16,136.01,29.52,5.43
18933919,M,67,2020-04-18T07:35:55Z,912,85.8,17,15340,197.2,98.4,184,5.2,3993,133,3.85,0.05,0.23,156.55,31.34,5.6
18933919,M,67,2020-05-18T16:46:18Z,489,82.6,26,7256,130.4,75.6,175,5.1,2173,72,3.33,0.04,0.19,159.46,87.21,9.34
18933919,M,67,2020-04-25T08:39:07Z,912,84.3,23,15144.3,160,62.8,180,5.9,4194,138,3.6,0.06,0.25,153.76,28.28,5.32
18933919,M,67,2020-05-20T17:02:26Z,621,83,27,9961.9,123.4,40.2,177,4.5,2818,100,3.54,0.02,0.15,159.88,98.53,9.93
18933919,M,67,2020-04-24T15:46:55Z,726,85.1,26,12440.4,169.6,73,172,5.4,3291,140,3.78,0.04,0.2,153.33,136.32,11.68
18933919,M,67,2020-05-11T16:20:56Z,462,83.1,22,7345.1,141.2,85.6,165,8.4,2212,65,3.31,0.06,0.24,148.54,129.87,11.4
18933919,M,67,2020-03-21T05:35:42Z,898,85.2,10,12757,319.2,215.2,183,4.9,3729,149,3.49,0.21,0.46,163.94,205.05,14.32
18933919,M,67,2020-03-19T16:48:25Z,70,51.5,22,1508.5,358.8,326.4,undefined,1.7,1291,40,1.19,0,0.05,0,0,0
18933919,M,67,2020-03-17T11:19:16Z,799,85,22,13676.6,284.6,189,173,6,3720,137,3.71,0.1,0.32,149.91,38.17,6.18
18933919,M,67,2020-04-16T10:12:56Z,723,84.8,24,12260.3,204.2,102.4,171,4.9,3277,141,3.72,0.04,0.21,152.6,124.02,11.14
18933919,M,67,2020-03-15T10:34:53Z,701,83.4,19,10063.9,388.2,221.8,174,5.1,3071,193,3.26,0.07,0.27,152.73,79.75,8.93
18933919,M,67,2020-03-14T09:02:56Z,1519,85.7,15,30460.2,292.4,174.2,168,4.8,8065,180,3.79,0.08,0.29,145.37,55.7,7.46
18933919,M,67,2020-03-11T17:52:05Z,606,84,16,12507.7,276.2,182.8,155,4.6,3520,112,3.55,0.03,0.16,136,17.12,4.14
18933919,M,67,2020-03-19T11:13:20Z,1208,87.4,24,21931.5,317.4,204.6,186,5.5,5288,157,4.22,0.29,0.54,159.14,292.3,17.1
18933919,M,67,2020-04-20T16:08:19Z,688,85.3,22,12162.6,180.8,87.4,171,5.7,3206,127,3.77,0.08,0.29,150.65,118.34,10.88
18933919,M,67,2020-03-08T08:50:20Z,801,84.6,12,12216.6,570.2,212.6,167,5.1,3704,392,3.39,0.2,0.45,152.03,56.46,7.51
18933919,M,67,2020-05-23T08:38:32Z,627,82.7,26,10342.7,108.8,15,175,4.3,3008,106,3.44,0.06,0.24,155.88,145.55,12.06
18933919,M,67,2020-04-14T17:07:36Z,781,84,19,12010.1,205.4,108.4,undefined,5.3,3372,137,3.45,0.22,0.47,0,0,0
18933919,M,67,2020-03-18T11:23:11Z,922,86.7,23,17040.6,304.4,193.4,172,6,4420,142,3.87,0.39,0.62,150.61,41.21,6.42
18933919,M,67,2020-04-22T16:23:41Z,718,84.8,25,12356.6,183.2,83.2,168,4.4,3403,127,3.64,0.04,0.2,148.76,115.01,10.72
18933919,M,67,2020-05-29T16:26:23Z,626,83.2,26,10387.6,98.8,3.8,164,5.5,3000,110,3.46,0.03,0.19,154.26,55.84,7.47
18933919,M,67,2020-06-01T09:20:14Z,376,83,27,6239.8,100,28.4,168,5.1,1781,109,3.48,0.07,0.26,155.88,69.9,8.36
18933919,M,67,2020-06-14T08:25:04Z,790,84.1,22,13910.7,-0.8,-99.6,167,4.7,4140,138,3.37,0.02,0.16,144.81,88.17,9.39
18933919,M,67,2020-06-08T17:11:28Z,692,84.6,18,12438.2,40.8,-57.4,165,6.5,3385,100,3.67,0.07,0.27,152.03,32.87,5.73
18933919,M,67,2020-07-11T08:38:49Z,719,84.3,23,13008.3,20.4,-82.6,169,5.9,3580,125,3.54,0.3,0.55,146.74,135.59,11.64
18933919,M,67,2020-06-26T16:41:33Z,719,84.1,28,12318.3,16,-77.4,171,5,3437,112,3.59,0.13,0.36,153.19,153.58,12.39
18933919,M,67,2020-06-23T17:17:32Z,724,83.7,28,12046.2,30.8,-66,174,4.8,3398,122,3.5,0.09,0.29,153.74,116.78,10.81
18933919,M,67,2020-07-13T07:55:13Z,705,83.4,26,12245.7,9.2,-85.6,172,7.3,3482,118,3.48,0.22,0.47,149,77.27,8.79
18933919,M,67,2020-07-24T13:55:20Z,781,83.3,31,12192.2,7.2,-91.2,177,4.4,3526,119,3.46,0.09,0.3,158.97,115.8,10.76
18933919,M,67,2020-07-06T17:00:55Z,719,84.4,26,12490.1,3.8,-92.4,179,5.5,3327,116,3.77,0.13,0.36,154.36,200.55,14.16
18933919,M,67,2020-05-27T17:31:14Z,646,83.9,24,11086,107,11.2,175,12.4,3113,126,3.47,0.18,0.42,155.91,150.51,12.27
18933919,M,67,2020-06-03T16:26:10Z,690,82.8,20,12439.7,96,7.4,163,5.1,3419,86,3.64,0.02,0.16,150.73,31.22,5.59
18933919,M,67,2020-06-12T16:36:14Z,732,84.4,25,12833.3,13.6,-89.8,176,8.2,3543,129,3.65,0.13,0.36,152.89,125.63,11.21
18933919,M,67,2020-06-10T16:44:10Z,737,84.4,24,12387.5,35.6,-73.4,171,5.8,3416,90,3.63,0.07,0.27,156.33,104.54,10.22
18933919,M,67,2020-06-28T09:48:16Z,699,84.8,28,11853.4,23.4,-70.2,168,4.5,3235,117,3.68,0.05,0.23,154.52,54.87,7.41
18933919,M,67,2020-06-24T16:47:47Z,709,83.5,29,12181.5,30.4,-67,174,4.6,3499,121,3.45,0.05,0.23,150.06,186.23,13.65
18933919,M,67,2020-07-14T08:57:24Z,873,81.9,26,13037.1,22.6,-73.8,170,4.1,4186,135,3.11,0.01,0.1,150.82,105.44,10.27
18933919,M,67,2020-06-05T16:27:11Z,712,84,20,12451.5,76.8,-37.4,170,6.4,3403,98,3.66,0.04,0.21,154,47.64,6.9
18933919,M,67,2020-07-02T16:43:51Z,684,84.5,25,12504.5,49.8,-50.6,171,5.4,3318,116,3.78,0.07,0.27,150.49,138,11.75
18933919,M,67,2020-06-19T17:19:50Z,733,83.7,23,13000.9,25.6,-61.4,184,5.3,3684,116,3.54,0.03,0.16,147.99,86.89,9.32
18933919,M,67,2020-06-17T17:04:33Z,677,83.1,24,12003.9,42,-57.2,170,4.9,3383,116,3.56,0.03,0.18,147.16,91.43,9.56
18933919,M,67,2020-06-21T09:12:22Z,747,83.3,28,12027.4,30.6,-71.8,175,4.6,3397,127,3.51,0.05,0.22,157.4,123.91,11.13
18933919,M,67,2020-07-03T16:52:42Z,663,83.5,24,12499.4,25,-71,164,11.7,3503,116,3.58,0.04,0.2,142.88,51.19,7.15
18933919,M,67,2020-05-25T16:58:59Z,625,83.4,25,10450.9,108.2,11.4,176,4.8,2960,115,3.54,0.03,0.18,156.64,120.86,10.99
18933919,M,67,2020-07-28T17:23:10Z,706,82.9,28,11777.6,31.8,-56.2,168,4.8,3417,93,3.46,0.07,0.27,150.66,37.67,6.14
18933919,M,67,2020-08-17T07:36:54Z,778,83.1,24,11985.7,-40,-135.2,183,4.3,3558,130,3.38,0.03,0.16,160.75,110.96,10.53
18933919,M,67,2020-08-04T17:11:59Z,1109,81.7,21,12144.6,152,-74.2,187,4.6,4850,285,2.51,0.03,0.17,163.25,208.05,14.42
18933919,M,67,2020-08-18T07:28:53Z,673,84.5,25,12486.6,-41,-139.4,172,5.6,3527,111,3.56,0.1,0.32,149.74,148.91,12.2
18933919,M,67,2020-08-24T17:14:44Z,613,84,23,12950.4,330.4,246.6,160,5.3,3530,115,3.67,0.02,0.15,140.24,99.71,9.99
18933919,M,67,2020-08-20T06:41:56Z,672,83.6,25,11464.3,374.2,245.4,180,5.6,3293,112,3.5,0.1,0.31,156.56,118.22,10.87
18933919,M,67,2020-08-22T08:17:38Z,656,85.4,27,12313.5,339.8,241.8,171,5.2,3359,106,3.69,0.21,0.46,152.28,128.17,11.32
18933919,M,67,2020-07-26T09:27:51Z,720,83,29,11849,35.8,-60,168,5.2,3397,113,3.49,0.03,0.18,153.89,50.9,7.13
18933919,M,67,2020-08-01T05:10:47Z,922,83.5,25,16495.8,16.8,-79.6,171,5.5,4613,100,3.58,0.03,0.18,149.14,138.49,11.77
18933919,M,67,2020-09-08T16:39:54Z,689,86.2,24,13258.6,248.6,150.4,173,6.3,3601,114,3.69,0.16,0.41,147.74,163.35,12.78
18933919,M,67,2020-09-02T16:26:51Z,795,84.2,22,13006.7,276,189.6,176,4.3,3604,110,3.55,0.08,0.28,160.38,103.37,10.17
18933919,M,67,2020-09-18T07:41:31Z,746,87,24,14643.9,185.6,87,174,6.4,3995,114,3.75,0.37,0.61,142.67,113.68,10.66
18933919,M,67,2020-09-15T16:25:47Z,733,86.5,25,14611.6,200,104.6,169,6.3,3971,113,3.7,0.11,0.33,141.16,121.59,11.03
18933919,M,67,2020-09-05T08:26:16Z,636,85.8,24,13018.3,258.2,170.4,155,4.4,3715,111,3.45,0.07,0.27,139.18,63.3,7.96
18933919,M,67,2020-09-04T16:06:26Z,663,86.6,27,12622.7,264.4,159,180,5.6,3419,129,3.72,0.19,0.44,148.14,185.84,13.63
18933919,M,67,2020-09-19T08:02:31Z,675,86.1,25,13031.3,179.2,89.6,159,4.9,3672,113,3.5,0.06,0.24,141.89,75.23,8.67
18933919,M,67,2020-09-16T16:30:19Z,682,85.5,26,13029.7,193.8,109.2,165,4.8,3583,108,3.57,0.08,0.28,143.44,153.16,12.38
18933919,M,67,2020-09-12T07:51:03Z,764,87.8,25,14197.3,224.4,123.4,175,5.8,3797,122,3.78,0.18,0.42,148.71,158.92,12.61
18933919,M,67,2020-08-29T14:08:01Z,625,85.9,18,12488.6,313.8,219.2,173,5.4,3324,105,3.79,0.16,0.4,147.7,93.28,9.66
18933919,M,67,2020-08-27T16:45:12Z,671,85,25,13047.4,313.6,229,165,5.2,3332,113,3.83,0.16,0.4,151.27,85.99,9.27
18933919,M,67,2020-09-11T15:50:24Z,605,85.9,25,13022.6,235.2,151.2,156,4.6,3543,108,3.63,0.05,0.23,138.01,34.92,5.91
18933919,M,67,2020-09-09T16:35:41Z,793,85,22,13038.4,241.8,156,186,4.5,3661,109,3.46,0.17,0.41,157.64,167.64,12.95
18933919,M,67,2020-08-30T15:14:20Z,517,83.7,20,9029.7,296.6,237.2,168,4.5,2675,103,3.31,0.07,0.26,144.67,103.09,10.15
18933919,M,67,2020-08-25T17:02:43Z,579,85.2,26,12042.1,327.2,229.4,166,5.9,3392,113,3.51,0.25,0.5,139.29,141.06,11.88
18933919,M,67,2020-09-01T16:42:29Z,713,85.7,22,13294.3,284.8,188.4,165,6,3690,107,3.6,0.11,0.33,147.36,80.38,8.97
18933919,M,67,2020-10-03T08:58:31Z,118,87.1,20,1775.7,542.2,497.8,170,4,567,44,3.12,0.01,0.12,150.41,11.63,3.41
18933919,M,67,2020-10-04T07:58:51Z,669,87.7,17,12748.5,545.4,447.4,175,5,3694,133,3.49,0.12,0.34,142.11,160.71,12.68
18933919,M,67,2020-10-16T16:20:10Z,632,87.5,15,12643.4,510,412.4,166,5.3,3381,131,3.74,0.1,0.32,143.58,238.81,15.45
18933919,M,67,2020-10-25T08:50:01Z,518,86.5,17,10211.2,629.6,443.8,160,5,3098,192,3.3,0.06,0.25,135.66,108.27,10.41
18933919,M,67,2020-09-22T16:36:35Z,741,86.8,20,14599.7,158.8,58.6,169,6.1,4026,116,3.65,0.11,0.34,142.11,79.89,8.94
18933919,M,67,2020-09-23T16:28:40Z,677,85.9,21,13034.1,151,62.6,165,4.6,3616,111,3.56,0.05,0.21,142.23,87.9,9.38
18933919,M,67,2020-09-26T08:15:56Z,731,88.3,16,14052.8,132.2,22.4,181,5.8,3744,148,3.74,0.35,0.59,148.58,133.29,11.55
18933919,M,67,2020-09-30T16:30:11Z,923,86.3,18,14141.9,96.2,4.4,186,5.7,3947,111,3.57,0.04,0.2,164.21,83.39,9.13
18933919,M,67,2020-09-27T08:05:28Z,725,86.9,17,15600.3,112.2,17.4,151,6.2,4547,141,3.43,0.04,0.2,134.64,33.96,5.83
18933919,M,67,2020-10-13T16:19:21Z,719,87.5,15,13757.7,536.2,433,181,5.8,3728,133,3.71,0.12,0.34,149.25,133.96,11.57
18933919,M,67,2020-10-03T07:47:59Z,871,88.5,17,15379.5,546.8,441.4,170,5.7,4091,139,3.8,0.3,0.54,157.21,22.15,4.71
18933919,M,67,2020-10-11T08:01:36Z,733,86.4,15,11961.8,547.2,439.8,175,5.3,3315,121,3.62,0.06,0.24,158.23,59.06,7.68
18933919,M,67,2020-10-17T07:41:27Z,846,88.2,13,14538.8,478.6,385.2,179,6.3,3908,120,3.74,0.12,0.35,159.8,31.42,5.61
18933919,M,67,2020-09-29T16:43:55Z,782,88,18,14577,107.2,1.4,179,6.7,3948,122,3.74,0.2,0.45,147.19,155.12,12.45
18933919,M,67,2020-10-27T11:18:53Z,836,88.3,20,15700.7,458.6,427.8,181,6.3,4067,46,3.89,0.12,0.35,154.06,112.42,10.6
18933919,M,67,2020-10-22T16:16:53Z,771,88.2,16,14111.7,448.8,339.8,188,5.4,3736,137,3.83,0.32,0.57,155.05,287.45,16.95
18933919,M,67,2020-10-24T08:30:58Z,968,88.1,18,18143,469.4,340.8,183,5.5,4778,162,3.83,0.22,0.47,157.27,146.99,12.12
18933919,M,67,2020-10-21T10:11:54Z,751,85.4,28,13545.3,463,371.8,163,4.4,3856,152,3.53,0.04,0.19,148.04,42.73,6.54
18933919,M,67,2020-10-14T16:32:01Z,841,86.3,14,12726,523.8,428.6,191,4.4,3580,131,3.56,0.06,0.24,167.81,406.74,20.17
18933919,M,67,2020-11-03T11:38:45Z,810,87.3,18,15013.8,506,404.6,176,5.7,4073,109,3.64,0.37,0.61,151.17,91.26,9.55
18933919,M,67,2020-10-20T10:26:06Z,814,87.2,22,14282.3,401.2,366.6,187,6.3,3748,48,3.82,0.16,0.4,161.22,106.43,10.32
18933919,M,67,2020-11-01T09:09:59Z,634,86.3,16,11538,508.6,415.6,156,4.4,3453,136,3.35,0.03,0.18,139.09,47.78,6.91
18933919,M,67,2020-10-18T09:01:27Z,616,86.3,16,9530.9,537.2,373.4,170,4.3,2821,206,3.41,0.07,0.26,158.4,43.1,6.57
18933919,M,67,2020-10-31T09:25:05Z,957,88,18,19556,507.2,408.6,175,5.2,4927,130,4.02,0.24,0.49,148.37,184.34,13.58
18933919,M,67,2020-10-29T11:07:29Z,840,88.5,22,14865.8,429.6,401,188,6.2,3661,50,4.1,0.18,0.43,162.69,214.08,14.63
18933919,M,67,2020-10-28T11:20:59Z,646,86.8,18,12518.8,556,416.6,164,5,3581,179,3.52,0.07,0.27,140.51,36.43,6.04
18933919,M,67,2020-11-11T15:39:49Z,648,87.8,15,10062.8,505.2,398.4,170,4.5,2877,131,3.5,0.13,0.36,156.55,67.26,8.2
18933919,M,67,2020-11-15T09:55:54Z,602,87.3,17,11095.3,503.2,391.4,162,5.2,3126,131,3.5,0.06,0.25,142.12,62.61,7.91
18933919,M,67,2020-11-18T17:23:34Z,555,88.1,16,10283.5,505.2,426,178,4.8,2766,84,3.7,0.12,0.34,146.45,121.88,11.04
18933919,M,67,2020-11-22T10:32:52Z,379,83.3,10,5033,508.8,377,165,3.9,1801,150,2.89,0.14,0.37,148.95,37.17,6.1
18933919,M,67,2020-11-22T09:57:42Z,400,93.3,6,10014.3,385.4,374.6,161,5.7,2053,18,4.93,0.02,0.16,141.47,41.6,6.45
18933919,M,67,2020-11-26T11:15:16Z,810,89.1,14,13479.4,462,362.6,173,5,3632,120,3.71,0.02,0.14,152.41,119.06,10.91
18933919,M,67,2020-11-22T09:31:19Z,316,89.3,16,5266.4,463.2,367.8,169,4.8,1399,16,3.79,0.02,0.13,153.24,47.87,6.92
18933919,M,67,2020-11-25T11:09:31Z,622,89.3,14,11595.2,501.6,366.8,169,4.8,3068,163,3.8,0.14,0.38,147.25,134.79,11.61
18933919,M,67,2020-11-21T09:52:39Z,684,87.7,16,12455.5,471.8,370.6,175,5.6,3370,132,3.71,0.14,0.37,146.79,173.52,13.17
18933919,M,67,2021-03-27T15:06:30Z,635,85.8,16,5551,995,298.8,170,3.6,3075,695,1.89,0.09,0.29,149.85,95.84,9.79
18933919,M,67,2021-03-23T11:29:22Z,639,87.5,17,11459.8,291.2,267.2,166,4.7,3029,41,3.78,0.02,0.15,147.63,55.2,7.43
18933919,M,67,2021-03-24T11:35:13Z,624,87.5,20,11187.5,308.4,253,162,5.2,2979,109,3.74,0.06,0.25,147.84,14.15,3.76
18933919,M,67,2020-11-24T17:35:21Z,688,89.1,12,12439.3,474.2,381.4,169,4.4,3336,124,3.73,0.07,0.26,148.01,79.15,8.9
18933919,M,67,2020-11-05T11:11:50Z,987,88.7,17,16781.4,491.6,383.2,188,5.7,4335,139,3.96,0.38,0.62,162.79,187.07,13.68
18933919,M,67,2020-11-07T09:21:53Z,879,89.1,17,17730.5,490.4,391.8,172,5.4,4503,126,4.01,0.27,0.52,150.97,120.32,10.97
18933919,M,67,2020-11-10T11:22:42Z,799,88.1,20,14822.1,497.2,401,171,5.6,3951,124,3.8,0.18,0.43,145.78,53.39,7.31
18933919,M,67,2020-11-18T11:03:11Z,712,88,16,11154.8,503,408.2,184,4.8,2976,105,3.71,0.07,0.26,164.21,137.08,11.71
18933919,M,67,2020-11-12T11:32:24Z,874,90.3,19,16541.2,486.6,389.2,176,5.4,4085,116,4.12,0.36,0.6,154.06,61.18,7.82
18933919,M,67,2020-11-19T11:05:07Z,835,90.5,14,16785.4,495,388.4,171,5.6,4232,132,4.04,0.33,0.57,148.74,42.76,6.54
18933919,M,67,2020-11-17T11:03:10Z,781,89.7,16,13831.3,492.8,394.8,168,6.2,3598,128,3.89,0.16,0.4,151.84,39.25,6.27
18933919,M,67,2020-11-04T11:31:04Z,684,86.8,16,12830.3,502,395.2,170,4.4,3701,148,3.47,0.04,0.21,138.09,154.41,12.43
18933919,M,67,2020-11-11T10:01:38Z,778,87.2,16,10692.6,650,454.2,190,4.7,3339,282,3.24,0.1,0.31,160.14,64.31,8.02
18933919,M,67,2020-11-08T09:58:15Z,666,86.5,19,11706.2,491.8,391,172,4.5,3379,121,3.42,0.05,0.22,140.96,72.62,8.52
18933919,M,67,2020-11-14T09:27:46Z,928,88.9,17,16824.2,485.6,388,171,6.2,4313,130,3.95,0.22,0.47,153.86,72.57,8.52
18933919,M,67,2020-11-25T17:29:00Z,549,88.8,15,10199.4,460,379.6,155,4.3,2822,93,3.59,0.06,0.25,141.12,46.06,6.79
18933919,M,67,2021-03-21T13:32:07Z,792,88.3,17,12560.8,460.8,288,178,5.3,3510,259,3.61,0.12,0.35,155.28,62.88,7.93
18933919,M,67,2021-03-26T11:31:32Z,742,87.6,20,11531.7,497.4,273.8,189,4.9,3104,230,3.73,0.07,0.26,163.74,178.31,13.35
18933919,M,67,2021-03-30T10:13:40Z,718,87.1,22,11151.6,317,260,176,5.1,3195,109,3.48,0.03,0.16,154.9,92.56,9.62
18933919,M,67,2021-04-02T10:17:05Z,569,87.6,23,10391.3,445.4,286.6,169,5.1,2728,166,3.88,0.12,0.35,148.83,60.98,7.81
18933919,M,67,2021-04-15T10:35:43Z,679,89.1,18,12888.3,536.2,310.6,174,4.8,3611,364,3.62,0.17,0.41,142.97,131.76,11.48
18933919,M,67,2021-04-18T08:32:31Z,1160,83.3,15,13477,1303.8,390.8,180,5.2,5685,908,2.72,0.62,0.79,152.9,97.16,9.86
18933919,M,67,2021-04-22T10:25:02Z,676,89.1,22,11810,395,297,167,4.9,3216,133,3.68,0.04,0.2,147.18,108.65,10.42
18933919,M,67,2021-05-11T10:27:47Z,624,88,17,12048.9,274.8,220.8,164,6.9,3316,118,3.6,0.15,0.38,141.49,132.55,11.51
18933919,M,67,2021-05-12T10:38:00Z,652,88.2,22,12766.6,258,202.4,172,6.1,3403,117,3.78,0.09,0.3,144.22,51,7.14
18933919,M,67,2021-03-28T13:58:31Z,942,88.8,22,16658.7,264.4,248.8,170,4.8,4203,31,3.97,0.04,0.2,155.95,43.02,6.56
18933919,M,67,2021-04-05T08:13:12Z,532,88.2,16,9157.9,179.2,164.2,164,5.6,2496,39,3.71,0.05,0.22,148.45,20.13,4.49
18933919,M,67,2021-04-03T08:11:31Z,679,89.7,19,11731.5,191.6,177.2,174,6.1,2959,41,3.97,0.05,0.22,158.37,41.9,6.47
18933919,M,67,2021-03-31T10:55:24Z,570,89.4,23,9980.3,369.8,266.6,169,5.1,2628,83,3.81,0.04,0.2,152.37,69.89,8.36
18933919,M,67,2021-04-07T10:22:39Z,834,89.2,16,12652.7,602,312.4,175,4.8,3659,401,3.5,0.13,0.35,158.32,85.94,9.27
18933919,M,67,2021-04-05T08:58:39Z,416,90.5,13,7224,178,164.4,186,5.4,1782,22,3.98,0.16,0.39,161.62,41.94,6.48
18933919,M,67,2021-04-08T10:13:42Z,604,89.5,18,12230.4,353,296.4,160,6.1,3211,122,3.79,0.08,0.28,140.32,50.49,7.11
18933919,M,67,2021-04-17T08:41:46Z,798,90.4,14,16505.6,303.6,291.2,162,6.3,4037,28,4.12,0.17,0.41,146.24,20.45,4.52
18933919,M,67,2021-04-13T10:23:02Z,777,90.5,18,14444.2,331.2,294.8,165,6.2,3703,82,3.92,0.08,0.27,147.96,74.38,8.62
18933919,M,67,2021-04-11T09:25:59Z,698,86.2,23,10216.7,516,316,168,4.2,3960,541,2.65,0.2,0.45,136.99,85.07,9.22
18933919,M,67,2021-04-10T09:03:33Z,832,91,17,16783.5,288.8,275.6,176,5.4,4174,27,4.05,0.12,0.34,146.2,127.54,11.29
18933919,M,67,2021-05-01T08:31:09Z,793,90.3,15,14836.3,377,273.4,173,6.1,3821,113,3.97,0.33,0.57,149.38,27.51,5.24
18933919,M,67,2021-05-04T10:49:49Z,709,88.6,23,12678.1,231,182,174,6.2,3298,95,3.87,0.12,0.34,152.65,98.7,9.93
18933919,M,67,2021-05-02T09:23:16Z,856,87.9,14,12298.4,366,201.8,188,4.7,3410,109,3.59,0.04,0.19,168.31,100.14,10.01
18933919,M,67,2021-04-27T16:22:40Z,864,89.5,20,15097.8,401.2,311.4,169,6.9,4039,111,3.75,0.18,0.42,153.13,45.52,6.75
18933919,M,67,2021-04-29T10:26:55Z,609,89.3,18,11483.2,344.4,286.6,177,5.8,3028,92,3.8,0.04,0.21,144.82,106.21,10.31
18933919,M,67,2021-05-13T08:49:24Z,578,87.7,17,11658.6,296.6,199,160,4.9,3394,123,3.44,0.07,0.27,137,53.75,7.33
18933919,M,67,2021-04-25T09:06:00Z,645,88.2,23,11826.3,410.8,313.6,161,4.7,3298,125,3.59,0.03,0.17,141.43,59.04,7.68
18933919,M,67,2021-04-24T08:44:36Z,931,90.2,20,16730.3,315,302,176,5.6,4124,26,4.11,0.21,0.46,158.12,111,10.54
18933919,M,67,2021-05-08T08:03:07Z,1339,88,17,20490.6,397.2,173.4,172,4.8,6111,325,3.37,0.19,0.43,157.74,31.85,5.64
18933919,M,67,2021-05-06T10:17:45Z,848,90.1,13,16815.9,243.4,188.6,178,5.8,4250,135,4.01,0.22,0.47,151.31,63.8,7.99
18933919,M,67,2021-05-16T09:07:45Z,510,87.2,18,9523.7,418,216.4,162,4.6,2890,207,3.32,0.06,0.24,135.51,135.8,11.65
18933919,M,67,2021-05-20T10:21:16Z,634,87.3,22,12300.3,237.4,179.8,168,4.3,3319,100,3.72,0.03,0.18,144.01,14.19,3.77
18933919,M,67,2021-05-19T10:26:34Z,750,89,20,14301.4,235.4,181.6,168,6.3,3714,99,3.87,0.1,0.32,148.53,115.96,10.77
18933919,M,67,2021-05-26T10:28:41Z,765,88.8,24,14584.9,222.4,172.6,172,5.9,3672,95,3.99,0.12,0.34,148.54,117.15,10.82
18933919,M,67,2021-05-25T10:22:41Z,642,87.1,20,12155,234,180,176,4.5,3226,90,3.74,0.06,0.24,147.64,51.16,7.15
18933919,M,67,2021-06-08T10:24:26Z,768,86.7,26,14309,187,159,157,5.4,3859,51,3.71,0.02,0.12,143.66,42.61,6.53
18933919,M,67,2021-06-15T10:24:48Z,800,87.4,31,14261,172.6,148.4,168,5.2,3784,46,3.77,0.02,0.13,150.35,74.67,8.64
18933919,M,67,2021-06-12T07:48:18Z,669,87.4,25,11850.7,242.2,145.4,176,5.8,3191,114,3.74,0.09,0.3,148.66,114.18,10.69
18933919,M,67,2021-06-13T08:30:35Z,661,91.8,27,11473.2,145.6,135.4,189,6.1,2482,22,4.6,0.07,0.27,175.99,200.46,14.16
18933919,M,67,2021-06-17T10:33:31Z,543,86.8,30,10357.5,246.6,135.8,163,4.7,2951,112,3.51,0.04,0.2,138.27,112.43,10.6
18933919,M,67,2021-06-16T10:19:36Z,724,88.8,31,12537.3,200.6,147.2,184,6.3,3205,101,3.94,0.15,0.39,158.92,165.31,12.86
18933919,M,67,2021-06-09T10:19:23Z,831,88.7,28,15049,196,143.4,182,5.8,3890,106,3.87,0.33,0.57,153.15,178.77,13.37
18933919,M,67,2021-06-22T10:14:31Z,714,86.8,28,14262.7,214,184.2,153,5.1,3856,53,3.72,0.02,0.15,139.71,24.58,4.96
18933919,M,67,2021-06-13T08:13:22Z,154,88.3,27,2933.4,140.6,134.8,149,5.1,778,10,3.78,0.02,0.14,138.35,7.4,2.72
18933919,M,67,2021-06-29T10:26:10Z,709,86,24,14369.6,187,161,153,4.7,3873,59,3.73,0.03,0.18,138.51,34.83,5.9
18933919,M,67,2021-06-24T10:02:20Z,527,86.4,21,12007,217,167.4,151,4.4,3436,79,3.4,0.14,0.38,129.41,41.05,6.41
18933919,M,67,2021-05-18T10:15:43Z,676,86.9,20,13003.9,405.4,186.6,174,4.8,4142,401,3.16,0.07,0.27,138.84,134.05,11.58
18933919,M,67,2021-05-22T08:32:05Z,836,89.6,20,16307.7,279.8,184.2,170,5.9,4124,129,4.01,0.29,0.54,148.85,39.4,6.28
18933919,M,67,2021-05-27T10:25:00Z,590,86.7,25,11849.9,350.4,196.8,159,4.5,3305,170,3.61,0.08,0.28,139.04,53.33,7.3
18933919,M,67,2021-06-02T10:23:27Z,745,88.8,22,15043.3,228.6,176,166,6.3,3914,103,3.87,0.31,0.55,141.77,41.49,6.44
18933919,M,67,2021-05-29T08:40:35Z,865,90.1,20,16735.9,184.8,171.6,176,6.6,3990,21,4.23,0.16,0.4,155.21,154.17,12.42
18933919,M,67,2021-06-03T10:29:45Z,655,86.7,27,10545.5,391.2,179.2,165,4.4,3321,306,3.21,0.09,0.3,144.55,81.04,9
18933919,M,67,2021-06-05T07:50:26Z,836,89.9,21,17046,158.6,146.2,165,7.2,4046,20,4.21,0.29,0.54,147.64,71,8.43
18933919,M,67,2021-06-01T10:21:53Z,822,87.3,27,14900.1,195.2,169.2,163,4.6,4009,53,3.73,0.03,0.16,144.38,64.12,8.01
18933919,M,67,2021-05-15T08:41:05Z,819,90.2,14,16818.8,282.8,189.4,173,5.4,4306,114,4.02,0.46,0.68,147.31,59.04,7.68
18933919,M,67,2021-06-19T06:37:26Z,897,89.2,25,17050,150.8,134.6,182,6.4,4014,25,4.25,0.3,0.55,159.22,189.31,13.76
18933919,M,67,2021-06-23T10:12:59Z,794,88.5,27,15427.3,223.8,172,174,5.9,3915,105,3.97,0.18,0.42,146.88,66.36,8.15
18933919,M,67,2021-06-30T10:14:27Z,934,88.8,24,17809,212.2,156.4,173,5.9,4515,111,4.01,0.3,0.55,147.41,88,9.38
18933919,M,67,2021-06-26T08:31:29Z,861,89.9,23,16701.7,140,126.6,180,6,3901,29,4.32,0.19,0.43,154.45,156.75,12.52
18933919,M,67,2021-07-06T10:09:49Z,850,87,30,14413.3,165.4,134.6,163,4.6,3817,53,3.79,0.04,0.19,150.01,74.26,8.62
18933919,M,67,2021-07-07T10:18:56Z,643,87.8,27,12153.2,171.8,120,179,5.4,3206,89,3.8,0.12,0.34,143.64,141.92,11.91
18933919,M,67,2021-07-08T10:10:56Z,556,87.5,20,11269.1,160.2,106.6,153,4.7,3034,104,3.72,0.05,0.23,136.72,23.02,4.8
18933919,M,67,2021-07-13T10:11:00Z,810,87.7,18,14310,138,107.4,168,4.7,3938,47,3.6,0.1,0.31,144.11,99.7,9.99
18933919,M,67,2021-07-18T08:40:46Z,537,86.4,23,9620.3,305,108.8,160,4,3015,199,3.21,0.03,0.18,131.8,148.48,12.19
18933919,M,67,2021-07-22T10:22:27Z,710,88.1,30,12575.4,67.6,46,167,4.9,3227,35,3.91,0.01,0.11,149.91,32.05,5.66
18933919,M,67,2021-07-20T10:07:45Z,856,88.1,30,14404.3,215.2,71.8,172,4.6,4009,190,3.62,0.1,0.31,148.74,58.58,7.65
18933919,M,67,2021-07-29T10:01:49Z,896,87.8,29,14446.8,77.4,51.4,173,4.8,3759,52,3.83,0.04,0.2,157.47,40.38,6.35
18933919,M,67,2021-07-21T10:13:25Z,603,86.2,30,11633.9,99.2,48,158,4.3,3289,84,3.55,0.03,0.19,136.8,37.63,6.13
18933919,M,67,2021-08-03T09:58:38Z,822,88.5,24,14330.1,53.6,24.6,165,5.3,3653,47,3.94,0.04,0.2,153.67,20.36,4.51
18933919,M,67,2021-08-04T10:11:08Z,693,87,18,12001.1,66.4,15.6,168,4.3,3350,88,3.59,0.03,0.18,148.07,89.82,9.48
18933919,M,67,2021-08-14T06:02:05Z,178,87.3,24,2864.4,46.8,43,169,5.5,782,0,3.67,0.05,0.23,152.09,33.85,5.82
18933919,M,67,2021-08-11T10:13:43Z,676,87.3,30,12071.2,108,55.6,165,4.7,3301,91,3.68,0.03,0.17,143.78,69.13,8.31
18933919,M,67,2021-08-13T10:09:18Z,418,86.5,29,6740.7,85.8,56,170,4.3,1875,43,3.6,0.02,0.16,149.33,26.9,5.19
18933919,M,67,2021-07-03T08:33:41Z,921,90.5,22,16901,163.8,145.4,187,6.4,3830,15,4.48,0.25,0.5,164.31,231.93,15.23
18933919,M,67,2021-07-10T07:55:12Z,1201,89,23,25845.3,104,88.4,180,6.5,6303,21,4.16,0.25,0.5,148.25,119.62,10.94
18933919,M,67,2021-07-14T08:50:58Z,1156,90.2,19,22380.4,102.4,81.6,179,5.8,5300,17,4.29,0.26,0.51,152.57,273.11,16.53
18933919,M,67,2021-07-11T09:02:42Z,572,86.6,26,11847.5,202.4,105.8,153,5.6,3326,121,3.57,0.01,0.11,131.34,52.86,7.27
18933919,M,67,2021-07-15T10:11:45Z,557,86.8,20,12206.8,119.2,68.8,153,4.3,3514,85,3.46,0.04,0.2,129.18,20.78,4.56
18933919,M,67,2021-07-31T07:54:56Z,907,88.6,25,15388,139.6,39.2,185,5.2,3966,111,3.92,0.24,0.49,156.76,152.64,12.35
18933919,M,67,2021-07-25T08:40:53Z,607,86.9,27,12437.6,148.8,50.8,159,4.6,3572,116,3.49,0.02,0.14,132.53,58.44,7.64
18933919,M,67,2021-07-17T08:05:56Z,941,89,23,17689,72.6,61,181,5.6,4297,20,4.18,0.31,0.55,149.7,134.32,11.59
18933919,M,67,2021-07-01T10:16:42Z,556,86,25,11658.9,217,163.8,154,4.3,3323,88,3.52,0.03,0.16,132.91,19.27,4.39
18933919,M,67,2021-07-24T08:09:42Z,948,89.9,27,17016.8,52.6,40.8,184,5.9,4035,21,4.21,0.27,0.52,161.42,166.95,12.92
18933919,M,67,2021-08-01T08:32:12Z,645,89.8,20,12250.7,40.6,27.8,181,5.5,2880,10,4.3,0.18,0.43,157.56,176.63,13.29
18933919,M,67,2021-08-08T08:14:49Z,648,87.8,23,11857.2,141.6,42.2,163,4.7,3225,113,3.69,0.05,0.22,142.18,93.52,9.67
18933919,M,67,2021-08-14T06:20:37Z,916,91.8,25,17189.2,53,43.4,180,6,3608,9,4.76,0.01,0.09,171.04,99.55,9.98
18933919,M,67,2021-08-05T10:15:55Z,1090,90.1,26,16840.5,21.4,7.6,undefined,5.9,3838,17,4.43,0.18,0.43,0,0,0
18933919,M,67,2021-08-07T07:30:04Z,1023,86.5,23,19358.7,152.6,45.4,174,4.9,5473,143,3.54,0.05,0.22,141.4,93.27,9.66
18933919,M,67,2021-08-10T10:09:02Z,842,88.6,28,14584.9,85.8,33.8,181,5.8,3768,87,3.95,0.32,0.57,155.02,176.86,13.3
18933919,M,67,2021-08-17T10:16:35Z,787,87.7,28,14162.8,89.8,61,162,4.9,3737,33,3.79,0.02,0.16,147.38,53.54,7.32
18933919,M,67,2021-08-19T10:22:10Z,681,87.2,25,12337.4,107.8,55.2,176,5.5,3242,91,3.82,0.04,0.19,146.2,80.93,9
18933919,M,67,2021-08-22T08:01:40Z,657,86.4,26,12396,153.4,54,161,5.6,3523,112,3.51,0.03,0.19,138.07,84.08,9.17
18933919,M,67,2021-08-14T07:21:32Z,283,85.8,27,4533.2,48,42.8,177,4.5,1304,7,3.47,0,0.07,145.98,2.02,1.42
18933919,M,67,2021-08-25T10:16:11Z,735,84,27,10511.7,338.6,61,172,4.7,3862,427,3.08,0.69,0.83,147.57,148.63,12.19
18933919,M,67,2021-08-18T10:08:15Z,465,86.1,27,8025.7,280.6,66.6,172,4.4,2491,228,3.15,0.23,0.48,141.49,140.92,11.87
18933919,M,67,2021-09-01T10:22:26Z,620,87.1,27,10593.3,271.8,54.6,174,4.6,3162,268,3.42,0.16,0.4,147.12,108.96,10.44
18933919,M,67,2021-09-11T08:13:26Z,469,88.3,24,8345,161.6,63.2,174,6,2201,93,3.8,0.14,0.37,149.36,190.24,13.79
18933919,M,67,2021-08-28T08:32:56Z,913,90.2,22,17036.1,54,42,188,5.5,3953,20,4.39,0.2,0.45,160.5,226.75,15.06
18933919,M,67,2021-09-09T10:19:32Z,608,88.9,26,11776.5,118.8,68.4,182,6.3,3031,105,3.95,0.28,0.53,144.62,249.23,15.79
18933919,M,67,2021-08-31T10:17:31Z,812,90,24,14324.8,84,55.8,171,6.3,3492,48,4.12,0.06,0.25,158.42,74.77,8.65
18933919,M,67,2021-09-07T10:25:43Z,668,87.9,29,12284.5,118.6,65,170,5.1,3284,86,3.71,0.07,0.26,144.54,60.36,7.77
18933919,M,67,2021-09-08T10:09:55Z,630,87.8,28,12213,124.8,72,161,4.8,3307,87,3.71,0.05,0.23,139.75,65.03,8.06
18933919,M,67,2021-08-21T07:24:08Z,1204,89,24,22023.3,60,45,182,6.5,5218,20,4.26,0.36,0.6,160.42,74.05,8.61
18933919,M,67,2021-08-24T10:12:33Z,840,89.1,23,14235.8,87.2,59.6,175,5.4,3504,30,4.08,0.05,0.21,161.08,71.43,8.45
18933919,M,67,2021-08-26T10:36:29Z,726,87.6,28,12138.4,103,49.4,172,4.7,3217,89,3.79,0.06,0.25,154.06,53.59,7.32
18933919,M,67,2021-08-29T08:23:10Z,718,88.1,21,12802.1,430.6,93.4,167,5,3786,358,3.43,0.12,0.34,141.67,145.78,12.07
18933919,M,67,2021-09-02T10:24:42Z,685,88.6,29,12173.7,108,55.6,169,5,3148,90,3.84,0.06,0.24,148.96,54.6,7.39
18933919,M,67,2021-09-12T07:08:45Z,1133,92.4,21,21160.5,319.1,211.8,185,6,4504,100.3,4.72,0.02,0.15,169.87,62.07,7.88
18933919,M,67,2021-09-05T07:31:18Z,1085,84.3,21,12999.8,1536.8,895,180,6.2,4709,812.3,2.94,0.44,0.67,161.07,139,11.79
18933919,M,67,2021-09-26T14:34:40Z,638,87.4,23,11836.6,146.8,48.4,163,4.7,3168,115,3.74,0.02,0.14,142.59,95.32,9.76
18933919,M,67,2021-09-28T10:27:55Z,736,87.1,22,13038.4,52.2,39.4,156,4.7,3563,24,3.61,0.07,0.26,145.88,6.16,2.48
18933919,M,67,2021-09-25T07:33:18Z,1362,87.7,23,25022.3,149.2,45,172,4.8,6684,144,3.71,0.12,0.35,148.07,51.97,7.21
18933919,M,67,2021-09-24T14:18:40Z,350,84.8,26,8326.3,43.8,9.8,128,3.9,2937,19,2.81,0.01,0.11,114.01,8.16,2.86
18933919,M,67,2021-09-17T09:48:28Z,1033,89.1,26,19150.1,44.4,31.2,187,6.2,4570,23,4.21,0.27,0.52,162.86,192.02,13.86
18933919,M,67,2021-09-21T09:53:20Z,920,89.2,22,16584.5,25.6,15.4,183,6.1,3876,14,4.32,0.2,0.45,161.59,90.59,9.52
18933919,M,67,2021-09-15T16:31:46Z,629,87.2,23,11294.2,425,91,175,4.8,3415,344,3.36,0.15,0.38,138.68,224.4,14.98
18933919,M,67,2021-09-20T16:22:17Z,799,86.9,19,14502.4,147.6,46.4,165,5.1,3900,114,3.72,0.04,0.21,145.47,89.93,9.48
18933919,M,67,2021-09-22T16:15:18Z,656,86.1,20,12453.6,116,21.4,156,4.4,3571,118,3.49,0.04,0.19,136.62,77.78,8.82
18933919,M,67,2021-09-14T15:47:18Z,696,87.1,26,12416.4,158.6,63.8,163,4.2,3482,113,3.56,0.03,0.18,142.56,89.95,9.48
18933919,M,67,2021-09-04T08:35:43Z,1193,90,23,22125.7,52.8,37.6,180,5.7,5155,22,4.3,0.12,0.35,160.12,78.66,8.87
18933919,M,67,2021-09-30T16:54:49Z,380,86.1,19,8323.1,142.4,45.6,146,4,2534,91,3.27,0.02,0.14,124.6,54.13,7.36
18933919,M,67,2021-09-29T15:26:45Z,740,88.1,23,13106,148.8,48,186,5.6,3389,126,3.92,0.41,0.64,149.62,240.16,15.5
18933919,M,67,2021-10-02T15:46:30Z,449,87.8,26,7728.6,18.6,0.6,157,4.9,2183,31,3.55,0.03,0.18,143.87,28.48,5.34
18933919,M,67,2021-10-03T06:31:05Z,1202,91.2,23,21128.8,19,1.6,187,6.3,4529,79,4.69,0.03,0.17,176.86,22.89,4.78
18933919,M,67,2021-10-10T08:46:55Z,936,87.9,17,15034.5,118.4,11.4,178,5.2,4070,132,3.67,0.19,0.44,159.76,93.05,9.65
18933919,M,67,2021-10-09T08:27:07Z,793,86.4,19,12895.1,119.2,19.4,172,4.8,3583,118,3.6,0.03,0.17,151.99,87.05,9.33
18933919,M,67,2021-10-17T08:51:57Z,792,89.8,17,15270,103,-15.8,174,6.3,3766,114,4.11,0.38,0.62,153.34,230.76,15.19
18933919,M,67,2021-10-16T08:52:30Z,799,87.8,16,14479.2,117,16.2,170,5,3827,120,3.79,0.04,0.2,151.24,30.6,5.53
18933919,M,67,2021-10-19T10:26:36Z,697,87.7,20,12791.4,47.2,-6.2,171,4.72,3351,90,3.83,0.04,0.21,149.74,19.64,4.43
18933919,M,67,2021-10-23T08:39:11Z,1012,87.8,17,17975.6,226.6,-14.4,171,5.091,5111,282,3.53,0.04,0.21,146.8,51.02,7.14
18933919,M,67,2021-10-21T10:17:39Z,655,87.1,23,12498.8,25.6,-2.6,150,4.732,3384,29,3.7,0.02,0.15,141.68,35.14,5.93
18933919,M,67,2021-10-20T10:13:19Z,921,89.2,26,15500.8,47.2,-6.6,186,6.516,3874,99,4.03,0.17,0.41,163.75,192.35,13.87
18933919,M,67,2021-10-13T15:36:06Z,770,86.9,17,12382.5,118.8,22.6,175,4.1,3449,113,3.59,0.04,0.19,155.88,84.59,9.2
18933919,M,67,2021-10-14T15:02:03Z,631,88.8,19,11096,14.8,5.4,189,6.3,2824,14,3.97,0.34,0.58,163.97,197.27,14.05
18933919,M,67,2021-10-24T08:28:37Z,1074,91.2,16,16703.8,-12,-22,undefined,5.698,3881,19,4.36,0.24,0.49,0,0,0
18933919,M,67,2021-10-24T14:57:21Z,595,88.3,19,10048.4,83,-13.6,167,4.092,2991,118,3.3,0.09,0.3,143.56,47.51,6.89
18933919,M,67,2021-10-28T17:01:52Z,543,87.7,17,10000.7,134,32.6,162,4.5,2946,116,3.43,0.14,0.37,136.54,111.99,10.58
18933919,M,67,2021-10-28T10:12:42Z,645,87.9,18,12291.7,59,3.4,164,4.68,3317,98,3.71,0.04,0.2,141.87,47.81,6.91
18933919,M,67,2021-10-26T10:14:15Z,816,90.1,20,14311.1,22.4,-6.6,171,4.95,3613,53,3.97,0.03,0.19,155.14,111.04,10.54
18933919,M,67,2021-10-27T10:23:00Z,788,89.6,19,14027.3,44.6,-11,177,6.232,3594,90,3.89,0.19,0.44,152.74,92.55,9.62
18933919,M,67,2021-10-31T08:56:45Z,849,91,19,16748.2,27.8,15.2,173,5.673,3991,18,4.25,0.24,0.49,152.73,25.01,5
18933919,M,67,2021-10-30T08:28:20Z,979,87.6,20,17063.7,403.8,65.2,176,4.4,5300,535,3.24,0.11,0.33,146.22,219.57,14.82
18933919,M,67,2021-11-02T11:16:47Z,792,89.7,18,14024.6,75,46.8,171,4.694,3549,46,3.92,0.05,0.23,154.35,58.54,7.65
18933919,M,67,2021-11-02T16:44:21Z,591,88.1,15,11207.6,94,44.6,163,4.48,3327,86,3.33,0.05,0.23,138.22,21.84,4.67
18933919,M,67,2021-11-04T11:15:56Z,773,91.3,16,16705.5,31.8,21.4,173,6.374,3879,17,4.34,0.16,0.41,147.84,46.99,6.85
18933919,M,67,2021-11-03T11:14:20Z,583,87.5,18,12295,68.8,12.8,153,4.432,3508,95,3.52,0.05,0.21,133.13,39,6.24
18933919,M,67,2021-10-12T09:57:28Z,886,87.9,18,14480.2,268.6,-6.4,176,5.9,4128,293,3.58,0.18,0.43,155.36,60.26,7.76
18933919,M,67,2021-11-06T09:19:07Z,1591,87.9,15,25526.3,114.4,10.6,178,4.372,7070,150,3.61,0.03,0.18,158.62,27.01,5.2
18933919,M,67,2021-11-07T09:32:33Z,1066,90.6,15,16574.2,35,21,undefined,5.698,3887,29,4.32,0.26,0.51,0,0,0
18933919,M,67,2021-11-09T10:50:05Z,843,87.5,17,15557.1,32,14.8,167,4.92,4422,42,3.53,0.03,0.17,146.96,27.55,5.25
18933919,M,67,2021-11-09T16:53:37Z,1234,88.9,15,20555.2,28.6,10.2,177,6.64,5776,44,3.61,0.26,0.51,154.7,59.49,7.71
